sample_no, 3H_std, Well1_P1, log_posterior, log_posterior_transformed, stuck_counter, perturbation_coeff_0, perturbation_coeff_1, 
8, 1.663074e-01, 7.613534e+00, -2.563290e+00, -2.563290e+00, 0.000000, 3.453878e-01, 2.649159e-01, 
9, 2.966140e-01, 9.202294e+00, -3.341617e+00, -3.341617e+00, 0.000000, 3.453878e-01, 2.649159e-01, 
10, 1.500580e-01, 7.600963e+00, -2.485923e+00, -2.485923e+00, 0.000000, 3.453878e-01, 2.649159e-01, 
11, 1.830212e-01, 8.001110e+00, -2.695673e+00, -2.695673e+00, 0.000000, 3.453878e-01, 2.649159e-01, 
12, 1.806375e-01, 7.229736e+00, -2.579403e+00, -2.579403e+00, 0.000000, 3.453878e-01, 2.649159e-01, 
13, 1.095700e-01, 8.802515e+00, -2.495229e+00, -2.495229e+00, 0.000000, 3.453878e-01, 2.649159e-01, 
14, 2.002853e-01, 7.890679e+00, -2.752763e+00, -2.752763e+00, 0.000000, 3.453878e-01, 2.649159e-01, 
15, 1.339049e-01, 4.729659e+00, -2.652263e+00, -2.652263e+00, 0.000000, 3.453878e-01, 2.649159e-01, 
16, 1.367226e-01, 5.543541e+00, -2.466783e+00, -2.466783e+00, 0.000000, 4.605170e-01, 3.532212e-01, 
17, 6.622280e-01, 7.624473e+00, -3.957012e+00, -3.957012e+00, 0.000000, 4.605170e-01, 3.532212e-01, 
18, 8.757974e-02, 7.314810e+00, -2.176406e+00, -2.176406e+00, 1.000000, 4.605170e-01, 3.532212e-01, 
19, 7.942581e-02, 6.984449e+00, -2.217701e+00, -2.217701e+00, 1.000000, 4.605170e-01, 3.532212e-01, 
20, 1.775806e-01, 7.861948e+00, -2.649510e+00, -2.649510e+00, 0.000000, 4.605170e-01, 3.532212e-01, 
21, 1.398401e-01, 5.986008e+00, -2.414309e+00, -2.414309e+00, 0.000000, 4.605170e-01, 3.532212e-01, 
22, 1.642995e-01, 6.466577e+00, -2.459628e+00, -2.459628e+00, 0.000000, 4.605170e-01, 3.532212e-01, 
23, 1.212809e-01, 3.474282e+00, -3.386940e+00, -3.386940e+00, 0.000000, 4.605170e-01, 3.532212e-01, 
24, 5.842966e-02, 7.034895e+00, -2.264984e+00, -2.264984e+00, 0.000000, 4.605170e-01, 3.532212e-01, 
25, 6.622280e-01, 7.624473e+00, -3.957012e+00, -5.347687e+00, 0.000000, 4.605170e-01, 3.532212e-01, 
26, 1.542170e-01, 7.131099e+00, -2.459220e+00, -2.459220e+00, 1.000000, 4.605170e-01, 3.532212e-01, 
27, 7.942581e-02, 6.984449e+00, -2.217701e+00, -5.880246e+00, 1.000000, 4.605170e-01, 3.532212e-01, 
28, 1.775806e-01, 7.861948e+00, -2.649510e+00, -3.188968e+00, 0.000000, 4.605170e-01, 3.532212e-01, 
29, 1.398401e-01, 5.986008e+00, -2.414309e+00, -3.569876e+00, 0.000000, 4.605170e-01, 3.532212e-01, 
30, 1.642995e-01, 6.466577e+00, -2.459628e+00, -4.725572e+00, 0.000000, 4.605170e-01, 3.532212e-01, 
31, 1.361539e-01, 3.591151e+00, -3.015600e+00, -3.015600e+00, 0.000000, 4.605170e-01, 3.532212e-01, 
32, 5.842966e-02, 7.034895e+00, -2.264984e+00, -5.141853e+00, 0.000000, 4.605170e-01, 3.532212e-01, 
33, 8.712278e-01, 7.035128e+00, -4.205972e+00, -4.205972e+00, 0.000000, 4.605170e-01, 3.532212e-01, 
34, 1.931645e-01, 3.141252e+00, -2.583342e+00, -2.583342e+00, 1.000000, 4.605170e-01, 3.532212e-01, 
35, 7.942581e-02, 6.984449e+00, -2.217701e+00, -2.377634e+00, 1.000000, 4.605170e-01, 3.532212e-01, 
36, 1.775806e-01, 7.861948e+00, -2.649510e+00, -3.718149e+00, 0.000000, 4.605170e-01, 3.532212e-01, 
37, 2.594444e-01, 4.344511e+00, -2.541903e+00, -2.541903e+00, 0.000000, 4.605170e-01, 3.532212e-01, 
38, 1.642995e-01, 6.466577e+00, -2.459628e+00, -2.735293e+00, 0.000000, 4.605170e-01, 3.532212e-01, 
39, 4.482152e-01, 5.186416e+00, -3.070982e+00, -3.070982e+00, 0.000000, 4.605170e-01, 3.532212e-01, 
40, 5.746279e-02, 9.203351e+00, -2.559560e+00, -2.559560e+00, 0.000000, 4.605170e-01, 3.532212e-01, 
41, 1.363236e+00, 8.013734e+00, -5.012771e+00, -5.012771e+00, 0.000000, 4.605170e-01, 3.532212e-01, 
42, 2.593869e-01, 2.088587e+00, -2.385833e+00, -2.385833e+00, 1.000000, 4.605170e-01, 3.532212e-01, 
43, 7.942581e-02, 6.984449e+00, -2.217701e+00, -4.426855e+00, 1.000000, 4.605170e-01, 3.532212e-01, 
44, 2.326035e-01, 5.512632e+00, -2.589129e+00, -2.589129e+00, 0.000000, 4.605170e-01, 3.532212e-01, 
45, 1.839872e-01, 4.215955e+00, -2.525960e+00, -2.525960e+00, 0.000000, 4.605170e-01, 3.532212e-01, 
46, 7.999677e-02, 6.544999e+00, -2.375247e+00, -2.375247e+00, 0.000000, 4.605170e-01, 3.532212e-01, 
47, 2.500141e-01, 5.659607e+00, -2.647919e+00, -2.647919e+00, 0.000000, 4.605170e-01, 3.532212e-01, 
48, 9.078727e-02, 5.919185e+00, -2.582012e+00, -2.582012e+00, 0.000000, 4.605170e-01, 3.532212e-01, 
49, 2.480414e+00, 6.655012e+00, -5.717868e+00, -5.717868e+00, 0.000000, 4.605170e-01, 3.532212e-01, 
50, 2.593869e-01, 2.088587e+00, -2.385833e+00, -4.485191e+00, 1.000000, 4.605170e-01, 3.532212e-01, 
51, 6.567446e-02, 6.934319e+00, -2.272368e+00, -2.272368e+00, 1.000000, 4.605170e-01, 3.532212e-01, 
52, 3.223179e-01, 3.829125e+00, -2.581712e+00, -2.581712e+00, 0.000000, 4.605170e-01, 3.532212e-01, 
53, 1.391996e-01, 5.610790e+00, -2.454269e+00, -2.454269e+00, 0.000000, 4.605170e-01, 3.532212e-01, 
54, 7.832923e-02, 7.998972e+00, -2.127198e+00, -2.127198e+00, 0.000000, 4.605170e-01, 3.532212e-01, 
55, 2.500141e-01, 5.659607e+00, -2.647919e+00, -2.764768e+00, 0.000000, 4.605170e-01, 3.532212e-01, 
56, 1.362190e-01, 5.595079e+00, -2.459782e+00, -2.459782e+00, 0.000000, 4.605170e-01, 3.532212e-01, 
57, 2.480414e+00, 6.655012e+00, -5.717868e+00, -7.394164e+00, 0.000000, 4.605170e-01, 3.532212e-01, 
58, 2.862140e-01, 1.930667e+00, -2.334880e+00, -2.334880e+00, 1.000000, 4.605170e-01, 3.532212e-01, 
59, 5.140028e-02, 6.095052e+00, -3.601459e+00, -3.601459e+00, 1.000000, 4.605170e-01, 3.532212e-01, 
60, 4.473272e-01, 7.877933e+00, -3.537575e+00, -3.537575e+00, 0.000000, 4.605170e-01, 3.532212e-01, 
61, 2.347292e-01, 3.406387e+00, -2.472951e+00, -2.472951e+00, 0.000000, 4.605170e-01, 3.532212e-01, 
62, 7.832923e-02, 7.998972e+00, -2.127198e+00, -3.186058e+00, 0.000000, 4.605170e-01, 3.532212e-01, 
63, 1.284379e-01, 4.590473e+00, -2.742333e+00, -2.742333e+00, 0.000000, 4.605170e-01, 3.532212e-01, 
64, 3.135793e-01, 5.245798e+00, -2.760334e+00, -2.760334e+00, 0.000000, 4.605170e-01, 3.532212e-01, 
65, 2.030889e+00, 6.531779e+00, -5.363083e+00, -5.363083e+00, 0.000000, 4.605170e-01, 3.532212e-01, 
66, 2.862140e-01, 1.930667e+00, -2.334880e+00, -2.625278e+00, 1.000000, 4.605170e-01, 3.532212e-01, 
67, 7.853191e-02, 5.372329e+00, -3.222840e+00, -3.222840e+00, 1.000000, 4.605170e-01, 3.532212e-01, 
68, 2.295047e-01, 3.514798e+00, -2.479791e+00, -2.479791e+00, 0.000000, 4.605170e-01, 3.532212e-01, 
69, 1.962228e-01, 3.897256e+00, -2.519930e+00, -2.519930e+00, 0.000000, 4.605170e-01, 3.532212e-01, 
70, 7.832923e-02, 7.998972e+00, -2.127198e+00, -1.242094e+01, 0.000000, 4.605170e-01, 3.532212e-01, 
71, 1.218414e-01, 5.582201e+00, -2.497300e+00, -2.497300e+00, 0.000000, 4.605170e-01, 3.532212e-01, 
72, 3.286265e-01, 4.456093e+00, -2.682604e+00, -2.682604e+00, 0.000000, 4.605170e-01, 3.532212e-01, 
73, 1.323057e+00, 7.356128e+00, -4.852398e+00, -4.852398e+00, 0.000000, 4.605170e-01, 3.532212e-01, 
74, 2.316192e-01, 2.134352e+00, -2.466918e+00, -2.466918e+00, 1.000000, 4.605170e-01, 3.532212e-01, 
75, 7.853191e-02, 5.372329e+00, -3.222840e+00, -1.141070e+01, 1.000000, 4.605170e-01, 3.532212e-01, 
76, 2.295047e-01, 3.514798e+00, -2.479791e+00, -3.867953e+00, 0.000000, 4.605170e-01, 3.532212e-01, 
77, 2.618501e-01, 4.579558e+00, -2.567066e+00, -2.567066e+00, 0.000000, 4.605170e-01, 3.532212e-01, 
78, 7.832923e-02, 7.998972e+00, -2.127198e+00, -3.174561e+00, 0.000000, 4.605170e-01, 3.532212e-01, 
79, 1.304564e-01, 4.554182e+00, -2.734500e+00, -2.734500e+00, 0.000000, 4.605170e-01, 3.532212e-01, 
80, 2.707115e-01, 4.947108e+00, -2.621815e+00, -2.621815e+00, 0.000000, 4.605170e-01, 3.532212e-01, 
81, 6.974232e-01, 6.111946e+00, -3.746363e+00, -3.746363e+00, 0.000000, 4.605170e-01, 3.532212e-01, 
82, 2.694495e-01, 3.502212e+00, -2.479001e+00, -2.479001e+00, 1.000000, 4.605170e-01, 3.532212e-01, 
83, 7.543809e-02, 4.302835e+00, -4.740391e+00, -4.740391e+00, 1.000000, 4.605170e-01, 3.532212e-01, 
84, 2.295047e-01, 3.514798e+00, -2.479791e+00, -4.071902e+00, 0.000000, 4.605170e-01, 3.532212e-01, 
85, 2.030006e-01, 2.288058e+00, -2.607759e+00, -2.607759e+00, 0.000000, 4.605170e-01, 3.532212e-01, 
86, 9.901192e-02, 7.419722e+00, -2.222020e+00, -2.222020e+00, 0.000000, 4.605170e-01, 3.532212e-01, 
87, 1.427944e-01, 3.053766e+00, -3.118366e+00, -3.118366e+00, 0.000000, 4.605170e-01, 3.532212e-01, 
88, 1.167327e-01, 5.274912e+00, -2.613937e+00, -2.613937e+00, 0.000000, 4.605170e-01, 3.532212e-01, 
89, 3.065422e-01, 7.935717e+00, -3.149858e+00, -3.149858e+00, 0.000000, 4.605170e-01, 3.532212e-01, 
90, 2.694495e-01, 3.502212e+00, -2.479001e+00, -2.699072e+00, 1.000000, 4.605170e-01, 3.532212e-01, 
91, 1.071658e-01, 3.852151e+00, -3.553175e+00, -3.553175e+00, 1.000000, 4.605170e-01, 3.532212e-01, 
92, 2.027545e-01, 2.850017e+00, -2.561523e+00, -2.561523e+00, 0.000000, 4.605170e-01, 3.532212e-01, 
93, 2.030006e-01, 2.288058e+00, -2.607759e+00, -3.114713e+00, 0.000000, 4.605170e-01, 3.532212e-01, 
94, 9.901192e-02, 7.419722e+00, -2.222020e+00, -3.025940e+00, 0.000000, 4.605170e-01, 3.532212e-01, 
95, 1.427944e-01, 3.053766e+00, -3.118366e+00, -7.832554e+00, 0.000000, 4.605170e-01, 3.532212e-01, 
96, 7.971156e-02, 6.304508e+00, -2.496760e+00, -2.496760e+00, 0.000000, 4.605170e-01, 3.532212e-01, 
97, 3.065422e-01, 7.935717e+00, -3.149858e+00, -3.740885e+00, 0.000000, 4.605170e-01, 3.532212e-01, 
98, 2.958118e-01, 3.676353e+00, -2.522596e+00, -2.522596e+00, 1.000000, 4.605170e-01, 3.532212e-01, 
99, 1.353969e-01, 3.453117e+00, -3.086385e+00, -3.086385e+00, 1.000000, 4.605170e-01, 3.532212e-01, 
100, 1.813463e-01, 2.145171e+00, -2.823862e+00, -2.823862e+00, 0.000000, 4.605170e-01, 3.532212e-01, 
101, 2.030006e-01, 2.288058e+00, -2.607759e+00, -3.813386e+00, 0.000000, 4.605170e-01, 3.532212e-01, 
102, 9.429857e-02, 6.144573e+00, -2.455344e+00, -2.455344e+00, 0.000000, 4.605170e-01, 3.532212e-01, 
103, 7.947708e-02, 3.925874e+00, -4.985481e+00, -4.985481e+00, 0.000000, 4.605170e-01, 3.532212e-01, 
104, 7.857191e-02, 4.777769e+00, -3.869614e+00, -3.869614e+00, 0.000000, 4.605170e-01, 3.532212e-01, 
105, 4.800389e-01, 9.004909e+00, -3.809163e+00, -3.809163e+00, 0.000000, 4.605170e-01, 3.532212e-01, 
106, 2.248971e-01, 3.938514e+00, -2.491867e+00, -2.491867e+00, 1.000000, 4.605170e-01, 3.532212e-01, 
107, 1.144284e-01, 3.017679e+00, -3.930725e+00, -3.930725e+00, 1.000000, 4.605170e-01, 3.532212e-01, 
108, 1.813463e-01, 2.145171e+00, -2.823862e+00, -3.793270e+00, 0.000000, 4.605170e-01, 3.532212e-01, 
109, 2.820495e-01, 2.045627e+00, -2.349080e+00, -2.349080e+00, 0.000000, 4.605170e-01, 3.532212e-01, 
110, 1.044480e-01, 7.304337e+00, -2.248128e+00, -2.248128e+00, 0.000000, 4.605170e-01, 3.532212e-01, 
111, 1.138638e-01, 5.390368e+00, -2.596448e+00, -2.596448e+00, 0.000000, 4.605170e-01, 3.532212e-01, 
112, 1.241588e-01, 4.594870e+00, -2.787045e+00, -2.787045e+00, 0.000000, 4.605170e-01, 3.532212e-01, 
113, 6.173452e-01, 7.461882e+00, -3.841946e+00, -3.841946e+00, 0.000000, 4.605170e-01, 3.532212e-01, 
114, 2.992183e-01, 5.648673e+00, -2.779083e+00, -2.779083e+00, 1.000000, 4.605170e-01, 3.532212e-01, 
115, 7.637535e-02, 5.805485e+00, -2.895866e+00, -2.895866e+00, 1.000000, 4.605170e-01, 3.532212e-01, 
116, 1.239302e-01, 3.619246e+00, -3.239229e+00, -3.239229e+00, 0.000000, 4.605170e-01, 3.532212e-01, 
117, 4.249110e-01, 3.386885e+00, -2.688836e+00, -2.688836e+00, 0.000000, 4.605170e-01, 3.532212e-01, 
118, 1.447758e-01, 8.561762e+00, -2.616668e+00, -2.616668e+00, 0.000000, 4.605170e-01, 3.532212e-01, 
119, 4.728057e-02, 6.909163e+00, -2.565340e+00, -2.565340e+00, 0.000000, 4.605170e-01, 3.532212e-01, 
120, 1.853425e-01, 5.870715e+00, -2.496838e+00, -2.496838e+00, 0.000000, 4.605170e-01, 3.532212e-01, 
121, 6.369285e-01, 9.729635e+00, -4.262288e+00, -4.262288e+00, 0.000000, 4.605170e-01, 3.532212e-01, 
122, 2.992183e-01, 5.648673e+00, -2.779083e+00, -3.732521e+00, 1.000000, 4.605170e-01, 3.532212e-01, 
123, 1.214288e-01, 4.923396e+00, -2.695131e+00, -2.695131e+00, 1.000000, 4.605170e-01, 3.532212e-01, 
124, 1.239302e-01, 3.619246e+00, -3.239229e+00, -5.781875e+00, 0.000000, 4.605170e-01, 3.532212e-01, 
125, 3.825269e-01, 3.174769e+00, -2.576471e+00, -2.576471e+00, 0.000000, 4.605170e-01, 3.532212e-01, 
126, 1.278017e-01, 7.809574e+00, -2.398897e+00, -2.398897e+00, 0.000000, 4.605170e-01, 3.532212e-01, 
127, 7.024970e-02, 7.676660e+00, -2.067357e+00, -2.067357e+00, 0.000000, 4.605170e-01, 3.532212e-01, 
128, 4.171194e-01, 3.238325e+00, -2.646507e+00, -2.646507e+00, 0.000000, 4.605170e-01, 3.532212e-01, 
129, 2.488256e-01, 6.722261e+00, -2.770673e+00, -2.770673e+00, 0.000000, 4.605170e-01, 3.532212e-01, 
130, 2.992183e-01, 5.648673e+00, -2.779083e+00, -4.642646e+00, 1.000000, 4.605170e-01, 3.532212e-01, 
131, 1.214288e-01, 4.923396e+00, -2.695131e+00, -3.798727e+00, 1.000000, 4.605170e-01, 3.532212e-01, 
132, 1.531118e-01, 4.817427e+00, -2.538643e+00, -2.538643e+00, 0.000000, 4.605170e-01, 3.532212e-01, 
133, 4.786697e-01, 3.875677e+00, -2.886611e+00, -2.886611e+00, 0.000000, 4.605170e-01, 3.532212e-01, 
134, 1.278017e-01, 7.809574e+00, -2.398897e+00, -4.631942e+00, 0.000000, 4.605170e-01, 3.532212e-01, 
135, 7.024970e-02, 7.676660e+00, -2.067357e+00, -6.602035e+00, 0.000000, 4.605170e-01, 3.532212e-01, 
136, 4.347739e-01, 4.940939e+00, -2.996816e+00, -2.996816e+00, 0.000000, 4.605170e-01, 3.532212e-01, 
137, 1.146405e-01, 7.332716e+00, -2.294792e+00, -2.294792e+00, 0.000000, 4.605170e-01, 3.532212e-01, 
138, 5.094535e-01, 9.257489e+00, -3.919672e+00, -3.919672e+00, 1.000000, 4.605170e-01, 3.532212e-01, 
139, 1.043969e-01, 4.636678e+00, -3.087379e+00, -3.087379e+00, 1.000000, 4.605170e-01, 3.532212e-01, 
140, 1.531118e-01, 4.817427e+00, -2.538643e+00, -3.215700e+00, 0.000000, 4.605170e-01, 3.532212e-01, 
141, 2.570801e-01, 5.649422e+00, -2.665720e+00, -2.665720e+00, 0.000000, 4.605170e-01, 3.532212e-01, 
142, 1.278017e-01, 7.809574e+00, -2.398897e+00, -2.677028e+00, 0.000000, 4.605170e-01, 3.532212e-01, 
143, 7.024970e-02, 7.676660e+00, -2.067357e+00, -7.099627e+00, 0.000000, 4.605170e-01, 3.532212e-01, 
144, 3.589253e-01, 6.995341e+00, -3.153204e+00, -3.153204e+00, 0.000000, 4.605170e-01, 3.532212e-01, 
145, 6.612628e-02, 6.178359e+00, -2.825677e+00, -2.825677e+00, 0.000000, 4.605170e-01, 3.532212e-01, 
146, 5.203840e-01, 1.248478e+01, -4.478585e+00, -4.478585e+00, 1.000000, 4.605170e-01, 3.532212e-01, 
147, 1.596865e-01, 1.038821e+01, -3.189256e+00, -3.189256e+00, 1.000000, 4.605170e-01, 3.532212e-01, 
148, 4.211105e-01, 4.357868e+00, -2.862181e+00, -2.862181e+00, 0.000000, 4.605170e-01, 3.532212e-01, 
149, 2.291463e-01, 4.354320e+00, -2.507910e+00, -2.507910e+00, 0.000000, 4.605170e-01, 3.532212e-01, 
150, 1.163469e-01, 8.518838e+00, -2.458368e+00, -2.458368e+00, 0.000000, 4.605170e-01, 3.532212e-01, 
151, 7.024970e-02, 7.676660e+00, -2.067357e+00, -4.868106e+00, 0.000000, 4.605170e-01, 3.532212e-01, 
152, 1.561372e-01, 4.164737e+00, -2.637535e+00, -2.637535e+00, 0.000000, 4.605170e-01, 3.532212e-01, 
153, 5.059882e-02, 7.929536e+00, -1.934675e+00, -1.934675e+00, 0.000000, 4.605170e-01, 3.532212e-01, 
154, 4.347214e-01, 1.393802e+01, -4.571556e+00, -4.571556e+00, 1.000000, 4.605170e-01, 3.532212e-01, 
155, 1.716132e-01, 7.014127e+00, -2.520798e+00, -2.520798e+00, 1.000000, 4.605170e-01, 3.532212e-01, 
156, 5.165284e-01, 3.974423e+00, -2.979920e+00, -2.979920e+00, 0.000000, 4.605170e-01, 3.532212e-01, 
157, 5.931453e-01, 6.587661e+00, -3.637509e+00, -3.637509e+00, 0.000000, 4.605170e-01, 3.532212e-01, 
158, 1.163469e-01, 8.518838e+00, -2.458368e+00, -3.387658e+00, 0.000000, 4.605170e-01, 3.532212e-01, 
159, 1.029337e-01, 8.378534e+00, -2.350034e+00, -2.350034e+00, 0.000000, 4.605170e-01, 3.532212e-01, 
160, 1.561372e-01, 4.164737e+00, -2.637535e+00, -3.444706e+00, 0.000000, 4.605170e-01, 3.532212e-01, 
161, 5.059882e-02, 7.929536e+00, -1.934675e+00, -2.899095e+01, 0.000000, 4.605170e-01, 3.532212e-01, 
162, 4.347214e-01, 1.393802e+01, -4.571556e+00, -5.647675e+00, 1.000000, 4.605170e-01, 3.532212e-01, 
163, 1.716132e-01, 7.014127e+00, -2.520798e+00, -5.293965e+00, 1.000000, 4.605170e-01, 3.532212e-01, 
164, 4.277695e-01, 3.371822e+00, -2.691097e+00, -2.691097e+00, 0.000000, 4.605170e-01, 3.532212e-01, 
165, 5.931453e-01, 6.587661e+00, -3.637509e+00, -4.496208e+00, 0.000000, 4.605170e-01, 3.532212e-01, 
166, 1.240996e-01, 5.493173e+00, -2.509893e+00, -2.509893e+00, 0.000000, 4.605170e-01, 3.532212e-01, 
167, 1.531604e-01, 6.219261e+00, -2.425673e+00, -2.425673e+00, 0.000000, 4.605170e-01, 3.532212e-01, 
168, 1.542387e-01, 3.592931e+00, -2.782133e+00, -2.782133e+00, 0.000000, 4.605170e-01, 3.532212e-01, 
169, 1.771890e-02, 8.820300e+00, -3.482801e+00, -3.482801e+00, 0.000000, 4.605170e-01, 3.532212e-01, 
170, 4.347214e-01, 1.393802e+01, -4.571556e+00, -6.236968e+00, 1.000000, 4.605170e-01, 3.532212e-01, 
171, 9.756531e-02, 5.302671e+00, -2.820264e+00, -2.820264e+00, 1.000000, 4.605170e-01, 3.532212e-01, 
172, 4.277695e-01, 3.371822e+00, -2.691097e+00, -2.839308e+00, 0.000000, 4.605170e-01, 3.532212e-01, 
173, 6.867125e-01, 5.241581e+00, -3.556915e+00, -3.556915e+00, 0.000000, 4.605170e-01, 3.532212e-01, 
174, 9.354228e-02, 9.034819e+00, -2.497388e+00, -2.497388e+00, 0.000000, 4.605170e-01, 3.532212e-01, 
175, 1.531604e-01, 6.219261e+00, -2.425673e+00, -5.286001e+00, 0.000000, 4.605170e-01, 3.532212e-01, 
176, 2.437521e-01, 8.027904e+00, -2.947515e+00, -2.947515e+00, 0.000000, 4.605170e-01, 3.532212e-01, 
177, 1.771890e-02, 8.820300e+00, -3.482801e+00, -2.282002e+01, 0.000000, 4.605170e-01, 3.532212e-01, 
178, 4.347214e-01, 1.393802e+01, -4.571556e+00, -5.985570e+00, 1.000000, 4.605170e-01, 3.532212e-01, 
179, 1.425036e-01, 4.854086e+00, -2.572231e+00, -2.572231e+00, 1.000000, 4.605170e-01, 3.532212e-01, 
180, 3.870716e-01, 3.415912e+00, -2.626866e+00, -2.626866e+00, 0.000000, 4.605170e-01, 3.532212e-01, 
181, 6.130360e-01, 6.018128e+00, -3.571562e+00, -3.571562e+00, 0.000000, 4.605170e-01, 3.532212e-01, 
182, 4.979905e-02, 8.873453e+00, -2.304600e+00, -2.304600e+00, 0.000000, 4.605170e-01, 3.532212e-01, 
183, 2.624328e-01, 6.244187e+00, -2.752317e+00, -2.752317e+00, 0.000000, 4.605170e-01, 3.532212e-01, 
184, 3.619969e-01, 6.539195e+00, -3.087297e+00, -3.087297e+00, 0.000000, 4.605170e-01, 3.532212e-01, 
185, 1.771890e-02, 8.820300e+00, -3.482801e+00, -3.014788e+02, 0.000000, 4.605170e-01, 3.532212e-01, 
186, 4.347214e-01, 1.393802e+01, -4.571556e+00, -6.998938e+00, 1.000000, 4.605170e-01, 3.532212e-01, 
187, 1.425036e-01, 4.854086e+00, -2.572231e+00, -3.597383e+00, 1.000000, 4.605170e-01, 3.532212e-01, 
188, 3.981516e-01, 1.962627e+00, -2.373118e+00, -2.373118e+00, 0.000000, 4.605170e-01, 3.532212e-01, 
189, 7.531808e-01, 4.369193e+00, -3.486080e+00, -3.486080e+00, 0.000000, 4.605170e-01, 3.532212e-01, 
190, 4.257864e-02, 7.079213e+00, -2.489351e+00, -2.489351e+00, 0.000000, 4.605170e-01, 3.532212e-01, 
191, 2.624328e-01, 6.244187e+00, -2.752317e+00, -3.215331e+00, 0.000000, 4.605170e-01, 3.532212e-01, 
192, 3.619969e-01, 6.539195e+00, -3.087297e+00, -4.365115e+00, 0.000000, 4.605170e-01, 3.532212e-01, 
193, 1.771890e-02, 8.820300e+00, -3.482801e+00, -1.224975e+01, 0.000000, 4.605170e-01, 3.532212e-01, 
194, 1.460806e+00, 1.543527e+01, -6.172061e+00, -6.172061e+00, 1.000000, 4.605170e-01, 3.532212e-01, 
195, 1.061381e-01, 5.036136e+00, -2.829815e+00, -2.829815e+00, 1.000000, 4.605170e-01, 3.532212e-01, 
196, 7.586066e-01, 3.023934e+00, -3.179548e+00, -3.179548e+00, 0.000000, 4.605170e-01, 3.532212e-01, 
197, 3.563045e-01, 4.509219e+00, -2.749485e+00, -2.749485e+00, 0.000000, 4.605170e-01, 3.532212e-01, 
198, 3.028403e-02, 8.226679e+00, -1.812700e+00, -1.812700e+00, 0.000000, 4.605170e-01, 3.532212e-01, 
199, 2.310188e-01, 4.776326e+00, -2.532359e+00, -2.532359e+00, 0.000000, 4.605170e-01, 3.532212e-01, 
200, 3.619969e-01, 6.539195e+00, -3.087297e+00, -3.460037e+00, 0.000000, 4.605170e-01, 3.532212e-01, 
201, 1.771890e-02, 8.820300e+00, -3.482801e+00, -1.850261e+01, 0.000000, 4.605170e-01, 3.532212e-01, 
202, 1.013148e+00, 1.420686e+01, -5.509083e+00, -5.509083e+00, 1.000000, 4.605170e-01, 3.532212e-01, 
203, 2.050269e-01, 8.847383e+00, -2.944846e+00, -2.944846e+00, 1.000000, 4.605170e-01, 3.532212e-01, 
204, 7.942203e-01, 3.837358e+00, -3.430961e+00, -3.430961e+00, 0.000000, 4.605170e-01, 3.532212e-01, 
205, 2.551323e-01, 4.491324e+00, -2.548121e+00, -2.548121e+00, 0.000000, 4.605170e-01, 3.532212e-01, 
206, 3.028403e-02, 8.226679e+00, -1.812700e+00, -8.289478e+01, 0.000000, 4.605170e-01, 3.532212e-01, 
207, 1.261934e-01, 6.259359e+00, -2.376238e+00, -2.376238e+00, 0.000000, 4.605170e-01, 3.532212e-01, 
208, 7.460361e-01, 4.839069e+00, -3.575467e+00, -3.575467e+00, 0.000000, 4.605170e-01, 3.532212e-01, 
209, 1.771890e-02, 8.820300e+00, -3.482801e+00, -1.602987e+02, 0.000000, 4.605170e-01, 3.532212e-01, 
210, 1.018265e+00, 1.449620e+01, -5.553830e+00, -5.553830e+00, 1.000000, 4.605170e-01, 3.532212e-01, 
211, 1.934329e-01, 7.047853e+00, -2.610386e+00, -2.610386e+00, 1.000000, 4.605170e-01, 3.532212e-01, 
212, 9.638183e-01, 2.781332e+00, -3.412315e+00, -3.412315e+00, 0.000000, 4.605170e-01, 3.532212e-01, 
213, 1.731522e-01, 3.216099e+00, -2.697619e+00, -2.697619e+00, 0.000000, 4.605170e-01, 3.532212e-01, 
214, 2.515671e-02, 7.406902e+00, -2.725996e+00, -2.725996e+00, 0.000000, 4.605170e-01, 3.532212e-01, 
215, 1.575502e-01, 8.585781e+00, -2.683779e+00, -2.683779e+00, 0.000000, 4.605170e-01, 3.532212e-01, 
216, 7.460361e-01, 4.839069e+00, -3.575467e+00, -3.784851e+00, 0.000000, 4.605170e-01, 3.532212e-01, 
217, 1.771890e-02, 8.820300e+00, -3.482801e+00, -7.803076e+01, 0.000000, 4.605170e-01, 3.532212e-01, 
218, 1.018265e+00, 1.449620e+01, -5.553830e+00, -6.926093e+00, 1.000000, 4.605170e-01, 3.532212e-01, 
219, 1.707798e-01, 6.741655e+00, -2.496144e+00, -2.496144e+00, 1.000000, 4.605170e-01, 3.532212e-01, 
220, 1.415070e+00, 2.363658e+00, -3.826243e+00, -3.826243e+00, 0.000000, 4.605170e-01, 3.532212e-01, 
221, 2.969992e-01, 6.753989e+00, -2.931084e+00, -2.931084e+00, 0.000000, 4.605170e-01, 3.532212e-01, 
222, 4.248741e-02, 8.405134e+00, -1.968279e+00, -1.968279e+00, 0.000000, 4.605170e-01, 3.532212e-01, 
223, 1.575502e-01, 8.585781e+00, -2.683779e+00, -3.377371e+00, 0.000000, 4.605170e-01, 3.532212e-01, 
224, 6.588179e-01, 5.729880e+00, -3.603076e+00, -3.603076e+00, 0.000000, 4.605170e-01, 3.532212e-01, 
225, 1.771890e-02, 8.820300e+00, -3.482801e+00, -3.411576e+01, 0.000000, 4.605170e-01, 3.532212e-01, 
226, 1.587936e+00, 1.104428e+01, -5.720852e+00, -5.720852e+00, 1.000000, 4.605170e-01, 3.532212e-01, 
227, 1.667261e-01, 5.889459e+00, -2.457116e+00, -2.457116e+00, 1.000000, 4.605170e-01, 3.532212e-01, 
228, 7.135565e-01, 1.838286e+00, -2.803709e+00, -2.803709e+00, 0.000000, 4.605170e-01, 3.532212e-01, 
229, 4.531852e-01, 4.139351e+00, -2.887659e+00, -2.887659e+00, 0.000000, 4.605170e-01, 3.532212e-01, 
230, 4.248741e-02, 8.405134e+00, -1.968279e+00, -9.328088e+00, 0.000000, 4.605170e-01, 3.532212e-01, 
231, 1.581107e-01, 6.948825e+00, -2.462057e+00, -2.462057e+00, 0.000000, 4.605170e-01, 3.532212e-01, 
232, 3.170169e-01, 8.131806e+00, -3.216467e+00, -3.216467e+00, 0.000000, 4.605170e-01, 3.532212e-01, 
233, 1.771890e-02, 8.820300e+00, -3.482801e+00, -1.711232e+01, 0.000000, 4.605170e-01, 3.532212e-01, 
234, 1.418064e+00, 9.821637e+00, -5.366638e+00, -5.366638e+00, 1.000000, 4.605170e-01, 3.532212e-01, 
235, 2.288310e-01, 5.675442e+00, -2.593585e+00, -2.593585e+00, 1.000000, 4.605170e-01, 3.532212e-01, 
236, 3.450368e-01, 3.801106e+00, -2.616750e+00, -2.616750e+00, 0.000000, 4.605170e-01, 3.532212e-01, 
237, 4.844969e-01, 4.174523e+00, -2.957439e+00, -2.957439e+00, 0.000000, 4.605170e-01, 3.532212e-01, 
238, 4.248741e-02, 8.405134e+00, -1.968279e+00, -6.757984e+00, 0.000000, 4.605170e-01, 3.532212e-01, 
239, 1.344826e-01, 6.035522e+00, -2.405858e+00, -2.405858e+00, 0.000000, 4.605170e-01, 3.532212e-01, 
240, 2.238899e-01, 6.051963e+00, -2.613822e+00, -2.613822e+00, 0.000000, 4.605170e-01, 3.532212e-01, 
241, 1.771890e-02, 8.820300e+00, -3.482801e+00, -1.465139e+02, 0.000000, 4.605170e-01, 3.532212e-01, 
242, 5.956363e-01, 7.027584e+00, -3.721718e+00, -3.721718e+00, 1.000000, 4.605170e-01, 3.532212e-01, 
243, 2.288310e-01, 5.675442e+00, -2.593585e+00, -3.166474e+00, 1.000000, 4.605170e-01, 3.532212e-01, 
244, 3.308932e-01, 3.797695e+00, -2.591643e+00, -2.591643e+00, 0.000000, 4.605170e-01, 3.532212e-01, 
245, 2.497304e-01, 5.346175e+00, -2.615270e+00, -2.615270e+00, 0.000000, 4.605170e-01, 3.532212e-01, 
246, 4.248741e-02, 8.405134e+00, -1.968279e+00, -1.527210e+01, 0.000000, 4.605170e-01, 3.532212e-01, 
247, 2.792505e-01, 3.037267e+00, -2.440812e+00, -2.440812e+00, 0.000000, 4.605170e-01, 3.532212e-01, 
248, 1.829318e-01, 5.016739e+00, -2.489175e+00, -2.489175e+00, 0.000000, 4.605170e-01, 3.532212e-01, 
249, 1.771890e-02, 8.820300e+00, -3.482801e+00, -8.716246e+01, 0.000000, 4.605170e-01, 3.532212e-01, 
250, 5.956363e-01, 7.027584e+00, -3.721718e+00, -4.269216e+00, 1.000000, 4.605170e-01, 3.532212e-01, 
251, 1.353061e-01, 4.736502e+00, -2.640473e+00, -2.640473e+00, 1.000000, 4.605170e-01, 3.532212e-01, 
252, 2.998651e-01, 3.210034e+00, -2.471686e+00, -2.471686e+00, 0.000000, 4.605170e-01, 3.532212e-01, 
253, 2.707415e-01, 3.071738e+00, -2.442507e+00, -2.442507e+00, 0.000000, 4.605170e-01, 3.532212e-01, 
254, 6.111305e-02, 8.049950e+00, -2.013075e+00, -2.013075e+00, 0.000000, 4.605170e-01, 3.532212e-01, 
255, 2.792505e-01, 3.037267e+00, -2.440812e+00, -2.937117e+00, 0.000000, 4.605170e-01, 3.532212e-01, 
256, 2.612365e-01, 8.659318e+00, -3.122005e+00, -3.122005e+00, 0.000000, 4.605170e-01, 3.532212e-01, 
257, 1.771890e-02, 8.820300e+00, -3.482801e+00, -7.694708e+00, 0.000000, 4.605170e-01, 3.532212e-01, 
258, 5.956363e-01, 7.027584e+00, -3.721718e+00, -4.633816e+00, 1.000000, 4.605170e-01, 3.532212e-01, 
259, 1.607151e-01, 4.120708e+00, -2.619593e+00, -2.619593e+00, 1.000000, 4.605170e-01, 3.532212e-01, 
260, 1.412486e-01, 3.258559e+00, -3.063616e+00, -3.063616e+00, 0.000000, 4.605170e-01, 3.532212e-01, 
261, 2.109879e-01, 4.479797e+00, -2.501125e+00, -2.501125e+00, 0.000000, 4.605170e-01, 3.532212e-01, 
262, 7.051846e-02, 7.928516e+00, -2.068879e+00, -2.068879e+00, 0.000000, 4.605170e-01, 3.532212e-01, 
263, 2.147926e-01, 2.624743e+00, -2.521190e+00, -2.521190e+00, 0.000000, 4.605170e-01, 3.532212e-01, 
264, 2.612365e-01, 8.659318e+00, -3.122005e+00, -3.432708e+00, 0.000000, 4.605170e-01, 3.532212e-01, 
265, 1.866028e-02, 7.570427e+00, -2.845763e+00, -2.845763e+00, 0.000000, 4.605170e-01, 3.532212e-01, 
266, 3.823433e-01, 3.950124e+00, -2.711124e+00, -2.711124e+00, 1.000000, 4.605170e-01, 3.532212e-01, 
267, 6.315362e-02, 7.947923e+00, -2.020088e+00, -2.020088e+00, 1.000000, 4.605170e-01, 3.532212e-01, 
268, 1.412486e-01, 3.258559e+00, -3.063616e+00, -9.033145e+00, 0.000000, 4.605170e-01, 3.532212e-01, 
269, 2.109879e-01, 4.479797e+00, -2.501125e+00, -3.009807e+00, 0.000000, 4.605170e-01, 3.532212e-01, 
270, 7.051846e-02, 7.928516e+00, -2.068879e+00, -2.495246e+00, 0.000000, 4.605170e-01, 3.532212e-01, 
271, 5.013228e-01, 3.035617e+00, -2.752960e+00, -2.752960e+00, 0.000000, 4.605170e-01, 3.532212e-01, 
272, 5.971939e-01, 5.384593e+00, -3.419582e+00, -3.419582e+00, 0.000000, 4.605170e-01, 3.532212e-01, 
273, 1.866028e-02, 7.570427e+00, -2.845763e+00, -8.155092e+00, 0.000000, 4.605170e-01, 3.532212e-01, 
274, 2.954100e-01, 2.699414e+00, -2.409813e+00, -2.409813e+00, 1.000000, 4.605170e-01, 3.532212e-01, 
275, 6.411698e-02, 6.776874e+00, -2.377920e+00, -2.377920e+00, 1.000000, 4.605170e-01, 3.532212e-01, 
276, 1.284029e-01, 3.005393e+00, -3.468477e+00, -3.468477e+00, 0.000000, 4.605170e-01, 3.532212e-01, 
277, 6.294429e-01, 4.333721e+00, -3.266402e+00, -3.266402e+00, 0.000000, 4.605170e-01, 3.532212e-01, 
278, 7.051846e-02, 7.928516e+00, -2.068879e+00, -5.570852e+00, 0.000000, 4.605170e-01, 3.532212e-01, 
279, 3.051145e-01, 4.084804e+00, -2.586815e+00, -2.586815e+00, 0.000000, 4.605170e-01, 3.532212e-01, 
280, 5.971939e-01, 5.384593e+00, -3.419582e+00, -3.820014e+00, 0.000000, 4.605170e-01, 3.532212e-01, 
281, 1.866028e-02, 7.570427e+00, -2.845763e+00, -3.921852e+01, 0.000000, 4.605170e-01, 3.532212e-01, 
282, 3.901402e-01, 2.227910e+00, -2.414013e+00, -2.414013e+00, 1.000000, 4.605170e-01, 3.532212e-01, 
283, 8.550381e-02, 5.945406e+00, -2.630416e+00, -2.630416e+00, 1.000000, 4.605170e-01, 3.532212e-01, 
284, 1.117895e-01, 2.484846e+00, -4.520703e+00, -4.520703e+00, 0.000000, 4.605170e-01, 3.532212e-01, 
285, 6.294429e-01, 4.333721e+00, -3.266402e+00, -3.806468e+00, 0.000000, 4.605170e-01, 3.532212e-01, 
286, 7.051846e-02, 7.928516e+00, -2.068879e+00, -3.614022e+00, 0.000000, 4.605170e-01, 3.532212e-01, 
287, 3.363857e-01, 5.503513e+00, -2.855622e+00, -2.855622e+00, 0.000000, 4.605170e-01, 3.532212e-01, 
288, 5.189565e-01, 7.676917e+00, -3.672326e+00, -3.672326e+00, 0.000000, 4.605170e-01, 3.532212e-01, 
289, 2.936932e-02, 8.350535e+00, -1.871781e+00, -1.871781e+00, 0.000000, 4.605170e-01, 3.532212e-01, 
290, 7.696894e-01, 1.864693e+00, -2.893393e+00, -2.893393e+00, 1.000000, 4.605170e-01, 3.532212e-01, 
291, 9.895702e-02, 5.652312e+00, -2.623629e+00, -2.623629e+00, 1.000000, 4.605170e-01, 3.532212e-01, 
292, 1.117895e-01, 2.484846e+00, -4.520703e+00, -8.149368e+00, 0.000000, 4.605170e-01, 3.532212e-01, 
293, 1.029839e+00, 3.284719e+00, -3.630089e+00, -3.630089e+00, 0.000000, 4.605170e-01, 3.532212e-01, 
294, 4.130175e-02, 7.384467e+00, -2.173172e+00, -2.173172e+00, 0.000000, 4.605170e-01, 3.532212e-01, 
295, 7.305985e-01, 4.610855e+00, -3.501289e+00, -3.501289e+00, 0.000000, 4.605170e-01, 3.532212e-01, 
296, 5.189565e-01, 7.676917e+00, -3.672326e+00, -3.975466e+00, 0.000000, 4.605170e-01, 3.532212e-01, 
297, 4.476410e-02, 7.150664e+00, -2.350973e+00, -2.350973e+00, 0.000000, 4.605170e-01, 3.532212e-01, 
298, 8.519907e-01, 9.722922e-01, -2.794503e+00, -2.794503e+00, 1.000000, 4.605170e-01, 3.532212e-01, 
299, 9.895702e-02, 5.652312e+00, -2.623629e+00, -3.730258e+00, 1.000000, 4.605170e-01, 3.532212e-01, 
300, 7.391078e-02, 3.511246e+00, -6.325510e+00, -6.325510e+00, 0.000000, 4.605170e-01, 3.532212e-01, 
301, 8.447482e-01, 4.155539e+00, -3.581472e+00, -3.581472e+00, 0.000000, 4.605170e-01, 3.532212e-01, 
302, 4.130175e-02, 7.384467e+00, -2.173172e+00, -2.991473e+01, 0.000000, 4.605170e-01, 3.532212e-01, 
303, 5.830610e-01, 3.775308e+00, -3.061998e+00, -3.061998e+00, 0.000000, 4.605170e-01, 3.532212e-01, 
304, 3.501475e-01, 4.603090e+00, -2.750780e+00, -2.750780e+00, 0.000000, 4.605170e-01, 3.532212e-01, 
305, 6.426095e-02, 8.909316e+00, -2.336232e+00, -2.336232e+00, 0.000000, 4.605170e-01, 3.532212e-01, 
306, 5.829496e-01, 6.308765e-01, -2.417150e+00, -2.417150e+00, 1.000000, 4.605170e-01, 3.532212e-01, 
307, 7.622322e-02, 1.036472e+01, -3.440729e+00, -3.440729e+00, 1.000000, 4.605170e-01, 3.532212e-01, 
308, 7.391078e-02, 3.511246e+00, -6.325510e+00, -1.112321e+01, 0.000000, 4.605170e-01, 3.532212e-01, 
309, 6.617619e-01, 4.988781e+00, -3.461150e+00, -3.461150e+00, 0.000000, 4.605170e-01, 3.532212e-01, 
310, 4.130175e-02, 7.384467e+00, -2.173172e+00, -4.205493e+00, 0.000000, 4.605170e-01, 3.532212e-01, 
311, 5.847024e-01, 3.485430e+00, -3.000856e+00, -3.000856e+00, 0.000000, 4.605170e-01, 3.532212e-01, 
312, 3.424544e-01, 3.688940e+00, -2.595066e+00, -2.595066e+00, 0.000000, 4.605170e-01, 3.532212e-01, 
313, 8.474036e-02, 6.373874e+00, -2.421066e+00, -2.421066e+00, 0.000000, 4.605170e-01, 3.532212e-01, 
314, 6.119386e-01, 4.689295e-01, -2.507468e+00, -2.507468e+00, 1.000000, 4.605170e-01, 3.532212e-01, 
315, 1.298554e-01, 9.345092e+00, -2.753204e+00, -2.753204e+00, 1.000000, 4.605170e-01, 3.532212e-01, 
316, 7.391078e-02, 3.511246e+00, -6.325510e+00, -3.571541e+01, 0.000000, 4.605170e-01, 3.532212e-01, 
317, 6.617619e-01, 4.988781e+00, -3.461150e+00, -3.745698e+00, 0.000000, 4.605170e-01, 3.532212e-01, 
318, 4.130175e-02, 7.384467e+00, -2.173172e+00, -2.928722e+00, 0.000000, 4.605170e-01, 3.532212e-01, 
319, 7.647722e-01, 2.040672e+00, -2.933253e+00, -2.933253e+00, 0.000000, 4.605170e-01, 3.532212e-01, 
320, 4.896851e-01, 3.638150e+00, -2.859498e+00, -2.859498e+00, 0.000000, 4.605170e-01, 3.532212e-01, 
321, 4.824125e-02, 6.625583e+00, -2.911653e+00, -2.911653e+00, 0.000000, 4.605170e-01, 3.532212e-01, 
322, 5.307598e-01, 3.375659e-01, -2.513780e+00, -2.513780e+00, 1.000000, 4.605170e-01, 3.532212e-01, 
323, 3.140637e-02, 7.095966e+00, -3.028200e+00, -3.028200e+00, 1.000000, 4.605170e-01, 3.532212e-01, 
324, 1.335250e-01, 6.369672e+00, -2.378197e+00, -2.378197e+00, 0.000000, 4.605170e-01, 3.532212e-01, 
325, 5.624864e-01, 9.264017e+00, -4.036288e+00, -4.036288e+00, 0.000000, 4.605170e-01, 3.532212e-01, 
326, 4.130175e-02, 7.384467e+00, -2.173172e+00, -5.945050e+00, 0.000000, 4.605170e-01, 3.532212e-01, 
327, 7.647722e-01, 2.040672e+00, -2.933253e+00, -3.991260e+00, 0.000000, 4.605170e-01, 3.532212e-01, 
328, 4.896851e-01, 3.638150e+00, -2.859498e+00, -2.995509e+00, 0.000000, 4.605170e-01, 3.532212e-01, 
329, 4.824125e-02, 6.625583e+00, -2.911653e+00, -1.052673e+01, 0.000000, 4.605170e-01, 3.532212e-01, 
330, 3.406458e-01, 2.838800e-01, -2.483614e+00, -2.483614e+00, 1.000000, 4.605170e-01, 3.532212e-01, 
331, 3.005157e-02, 6.463028e+00, -5.463692e+00, -5.463692e+00, 1.000000, 4.605170e-01, 3.532212e-01, 
332, 1.335250e-01, 6.369672e+00, -2.378197e+00, -2.792116e+00, 0.000000, 4.605170e-01, 3.532212e-01, 
333, 5.624864e-01, 9.264017e+00, -4.036288e+00, -5.757903e+00, 0.000000, 4.605170e-01, 3.532212e-01, 
334, 4.130175e-02, 7.384467e+00, -2.173172e+00, -3.006449e+00, 0.000000, 4.605170e-01, 3.532212e-01, 
335, 4.372915e-01, 1.403684e+00, -2.309627e+00, -2.309627e+00, 0.000000, 4.605170e-01, 3.532212e-01, 
336, 4.896851e-01, 3.638150e+00, -2.859498e+00, -3.937703e+00, 0.000000, 4.605170e-01, 3.532212e-01, 
337, 2.953167e-02, 8.181858e+00, -1.794661e+00, -1.794661e+00, 0.000000, 4.605170e-01, 3.532212e-01, 
338, 6.441462e-01, 2.722650e-01, -2.750952e+00, -2.750952e+00, 1.000000, 4.605170e-01, 3.532212e-01, 
339, 3.005157e-02, 6.463028e+00, -5.463692e+00, -2.160629e+01, 1.000000, 4.605170e-01, 3.532212e-01, 
340, 1.656020e-01, 6.065218e+00, -2.454810e+00, -2.454810e+00, 0.000000, 4.605170e-01, 3.532212e-01, 
341, 4.794456e-01, 8.134749e+00, -3.659676e+00, -3.659676e+00, 0.000000, 4.605170e-01, 3.532212e-01, 
342, 4.130175e-02, 7.384467e+00, -2.173172e+00, -6.144058e+00, 0.000000, 4.605170e-01, 3.532212e-01, 
343, 5.547929e-01, 1.124350e+00, -2.406516e+00, -2.406516e+00, 0.000000, 4.605170e-01, 3.532212e-01, 
344, 4.896851e-01, 3.638150e+00, -2.859498e+00, -3.143309e+00, 0.000000, 4.605170e-01, 3.532212e-01, 
345, 2.953167e-02, 8.181858e+00, -1.794661e+00, -1.530649e+01, 0.000000, 4.605170e-01, 3.532212e-01, 
346, 6.545670e-01, 2.310677e-01, -2.847692e+00, -2.847692e+00, 1.000000, 4.605170e-01, 3.532212e-01, 
347, 3.005157e-02, 6.463028e+00, -5.463692e+00, -2.296287e+01, 1.000000, 4.605170e-01, 3.532212e-01, 
348, 1.656020e-01, 6.065218e+00, -2.454810e+00, -2.773664e+00, 0.000000, 4.605170e-01, 3.532212e-01, 
349, 4.794456e-01, 8.134749e+00, -3.659676e+00, -4.426197e+00, 0.000000, 4.605170e-01, 3.532212e-01, 
350, 5.355029e-02, 6.788846e+00, -2.537640e+00, -2.537640e+00, 0.000000, 4.605170e-01, 3.532212e-01, 
351, 3.006958e-01, 1.062137e+00, -2.260349e+00, -2.260349e+00, 0.000000, 4.605170e-01, 3.532212e-01, 
352, 4.262858e-01, 5.064525e+00, -2.999794e+00, -2.999794e+00, 0.000000, 4.605170e-01, 3.532212e-01, 
353, 2.146468e-02, 8.788727e+00, -2.862986e+00, -2.862986e+00, 0.000000, 4.605170e-01, 3.532212e-01, 
354, 6.545670e-01, 2.310677e-01, -2.847692e+00, -3.423272e+00, 1.000000, 4.605170e-01, 3.532212e-01, 
355, 3.005157e-02, 6.463028e+00, -5.463692e+00, -4.564619e+01, 1.000000, 4.605170e-01, 3.532212e-01, 
356, 1.497488e-01, 7.883170e+00, -2.521328e+00, -2.521328e+00, 0.000000, 4.605170e-01, 3.532212e-01, 
357, 3.761273e-01, 5.024211e+00, -2.877286e+00, -2.877286e+00, 0.000000, 4.605170e-01, 3.532212e-01, 
358, 1.162739e-01, 8.095302e+00, -2.375395e+00, -2.375395e+00, 0.000000, 4.605170e-01, 3.532212e-01, 
359, 3.006958e-01, 1.062137e+00, -2.260349e+00, -2.792277e+00, 0.000000, 4.605170e-01, 3.532212e-01, 
360, 1.974191e-01, 3.614862e+00, -2.531768e+00, -2.531768e+00, 0.000000, 4.605170e-01, 3.532212e-01, 
361, 2.146468e-02, 8.788727e+00, -2.862986e+00, -3.647009e+00, 0.000000, 4.605170e-01, 3.532212e-01, 
362, 3.075012e-01, 1.551276e-01, -2.592431e+00, -2.592431e+00, 1.000000, 4.605170e-01, 3.532212e-01, 
363, 3.005157e-02, 6.463028e+00, -5.463692e+00, -3.052515e+01, 1.000000, 4.605170e-01, 3.532212e-01, 
364, 1.497488e-01, 7.883170e+00, -2.521328e+00, -2.767771e+00, 0.000000, 4.605170e-01, 3.532212e-01, 
365, 3.761273e-01, 5.024211e+00, -2.877286e+00, -3.464605e+00, 0.000000, 4.605170e-01, 3.532212e-01, 
366, 1.162739e-01, 8.095302e+00, -2.375395e+00, -2.743487e+00, 0.000000, 4.605170e-01, 3.532212e-01, 
367, 3.294281e-01, 1.096374e+00, -2.227925e+00, -2.227925e+00, 0.000000, 4.605170e-01, 3.532212e-01, 
368, 1.340767e-01, 3.099493e+00, -3.276255e+00, -3.276255e+00, 0.000000, 4.605170e-01, 3.532212e-01, 
369, 2.146468e-02, 8.788727e+00, -2.862986e+00, -5.233114e+01, 0.000000, 4.605170e-01, 3.532212e-01, 
370, 3.749817e-01, 1.246238e-01, -2.721030e+00, -2.721030e+00, 1.000000, 4.605170e-01, 3.532212e-01, 
371, 5.064245e-02, 5.758236e+00, -4.343040e+00, -4.343040e+00, 1.000000, 4.605170e-01, 3.532212e-01, 
372, 1.722974e-01, 5.021092e+00, -2.488763e+00, -2.488763e+00, 0.000000, 4.605170e-01, 3.532212e-01, 
373, 5.093305e-01, 5.459005e+00, -3.254951e+00, -3.254951e+00, 0.000000, 4.605170e-01, 3.532212e-01, 
374, 1.011878e-01, 5.324586e+00, -2.754510e+00, -2.754510e+00, 0.000000, 4.605170e-01, 3.532212e-01, 
375, 3.586964e-01, 1.087578e+00, -2.218050e+00, -2.218050e+00, 0.000000, 4.605170e-01, 3.532212e-01, 
376, 1.316920e-01, 4.448176e+00, -2.757227e+00, -2.757227e+00, 0.000000, 4.605170e-01, 3.532212e-01, 
377, 2.146468e-02, 8.788727e+00, -2.862986e+00, -2.430324e+01, 0.000000, 4.605170e-01, 3.532212e-01, 
378, 3.749817e-01, 1.246238e-01, -2.721030e+00, -3.660279e+00, 1.000000, 4.605170e-01, 3.532212e-01, 
379, 5.064245e-02, 5.758236e+00, -4.343040e+00, -5.517402e+00, 1.000000, 4.605170e-01, 3.532212e-01, 
380, 1.722974e-01, 5.021092e+00, -2.488763e+00, -2.585397e+00, 0.000000, 4.605170e-01, 3.532212e-01, 
381, 2.540745e-01, 3.695125e+00, -2.485777e+00, -2.485777e+00, 0.000000, 4.605170e-01, 3.532212e-01, 
382, 1.011878e-01, 5.324586e+00, -2.754510e+00, -3.405058e+00, 0.000000, 4.605170e-01, 3.532212e-01, 
383, 2.885409e-01, 7.969800e-01, -2.305540e+00, -2.305540e+00, 0.000000, 4.605170e-01, 3.532212e-01, 
384, 1.885419e-01, 4.005782e+00, -2.530286e+00, -2.530286e+00, 0.000000, 4.605170e-01, 3.532212e-01, 
385, 2.146468e-02, 8.788727e+00, -2.862986e+00, -3.740722e+01, 0.000000, 4.605170e-01, 3.532212e-01, 
386, 3.170919e-01, 1.385089e-01, -2.603898e+00, -2.603898e+00, 1.000000, 4.605170e-01, 3.532212e-01, 
387, 5.064245e-02, 5.758236e+00, -4.343040e+00, -2.330901e+01, 1.000000, 4.605170e-01, 3.532212e-01, 
388, 2.760960e-01, 3.672983e+00, -2.500027e+00, -2.500027e+00, 0.000000, 4.605170e-01, 3.532212e-01, 
389, 2.540745e-01, 3.695125e+00, -2.485777e+00, -3.460558e+00, 0.000000, 4.605170e-01, 3.532212e-01, 
390, 1.363687e-01, 3.956147e+00, -2.873219e+00, -2.873219e+00, 0.000000, 4.605170e-01, 3.532212e-01, 
391, 1.631574e-01, 9.801182e-01, -3.561606e+00, -3.561606e+00, 0.000000, 4.605170e-01, 3.532212e-01, 
392, 2.671655e-01, 4.065845e+00, -2.527317e+00, -2.527317e+00, 0.000000, 4.605170e-01, 3.532212e-01, 
393, 3.316499e-02, 7.928325e+00, -1.835478e+00, -1.835478e+00, 0.000000, 4.605170e-01, 3.532212e-01, 
394, 3.899877e-01, 2.154525e-01, -2.563763e+00, -2.563763e+00, 1.000000, 4.605170e-01, 3.532212e-01, 
395, 8.153308e-02, 3.694012e+00, -5.164099e+00, -5.164099e+00, 1.000000, 4.605170e-01, 3.532212e-01, 
396, 2.859419e-01, 2.389333e+00, -2.377799e+00, -2.377799e+00, 0.000000, 4.605170e-01, 3.532212e-01, 
397, 1.615519e-01, 3.202277e+00, -2.805828e+00, -2.805828e+00, 0.000000, 4.605170e-01, 3.532212e-01, 
398, 1.192198e-01, 4.024049e+00, -3.124620e+00, -3.124620e+00, 0.000000, 4.605170e-01, 3.532212e-01, 
399, 2.268770e-01, 9.865409e-01, -2.577072e+00, -2.577072e+00, 0.000000, 4.605170e-01, 3.532212e-01, 
400, 2.671655e-01, 4.065845e+00, -2.527317e+00, -3.914989e+00, 0.000000, 4.605170e-01, 3.532212e-01, 
401, 3.316499e-02, 7.928325e+00, -1.835478e+00, -2.982985e+00, 0.000000, 4.605170e-01, 3.532212e-01, 
402, 3.743336e-01, 2.978847e-01, -2.452211e+00, -2.452211e+00, 1.000000, 4.605170e-01, 3.532212e-01, 
403, 8.631872e-02, 3.723448e+00, -4.733527e+00, -4.733527e+00, 1.000000, 4.605170e-01, 3.532212e-01, 
404, 2.845854e-01, 4.844455e+00, -2.640198e+00, -2.640198e+00, 0.000000, 4.605170e-01, 3.532212e-01, 
405, 1.492869e-01, 2.476294e+00, -3.226485e+00, -3.226485e+00, 0.000000, 4.605170e-01, 3.532212e-01, 
406, 1.192198e-01, 4.024049e+00, -3.124620e+00, -8.519585e+00, 0.000000, 4.605170e-01, 3.532212e-01, 
407, 2.268770e-01, 9.865409e-01, -2.577072e+00, -7.612500e+00, 0.000000, 4.605170e-01, 3.532212e-01, 
408, 2.978824e-01, 2.165129e+00, -2.350271e+00, -2.350271e+00, 0.000000, 4.605170e-01, 3.532212e-01, 
409, 6.214577e-02, 6.003822e+00, -3.150316e+00, -3.150316e+00, 0.000000, 4.605170e-01, 3.532212e-01, 
410, 3.743336e-01, 2.978847e-01, -2.452211e+00, -3.272656e+00, 1.000000, 4.605170e-01, 3.532212e-01, 
411, 8.631872e-02, 3.723448e+00, -4.733527e+00, -1.591578e+01, 1.000000, 4.605170e-01, 3.532212e-01, 
412, 2.563418e-01, 4.970076e+00, -2.593632e+00, -2.593632e+00, 0.000000, 4.605170e-01, 3.532212e-01, 
413, 3.003685e-01, 2.819070e+00, -2.425480e+00, -2.425480e+00, 0.000000, 4.605170e-01, 3.532212e-01, 
414, 1.014685e-01, 2.795867e+00, -4.822936e+00, -4.822936e+00, 0.000000, 4.605170e-01, 3.532212e-01, 
415, 3.248467e-01, 3.737498e-01, -2.413838e+00, -2.413838e+00, 0.000000, 4.605170e-01, 3.532212e-01, 
416, 2.482311e-01, 1.670114e+00, -2.405750e+00, -2.405750e+00, 0.000000, 6.140227e-01, 4.709615e-01, 
417, 6.214577e-02, 6.003822e+00, -3.150316e+00, -8.301787e+00, 2.000000, 6.140227e-01, 4.709615e-01, 
418, 3.743336e-01, 2.978847e-01, -2.452211e+00, -2.748423e+00, 0.000000, 6.140227e-01, 4.709615e-01, 
419, 8.631872e-02, 3.723448e+00, -4.733527e+00, -2.090305e+01, 0.000000, 6.140227e-01, 4.709615e-01, 
420, 4.676486e-01, 5.561377e+00, -3.182323e+00, -3.182323e+00, 0.000000, 6.140227e-01, 4.709615e-01, 
421, 6.303441e-01, 2.695186e+00, -2.893187e+00, -2.893187e+00, 0.000000, 6.140227e-01, 4.709615e-01, 
422, 1.014685e-01, 2.795867e+00, -4.822936e+00, -5.589185e+00, 0.000000, 6.140227e-01, 4.709615e-01, 
423, 4.335775e-01, 3.772184e-01, -2.383916e+00, -2.383916e+00, 0.000000, 6.140227e-01, 4.709615e-01, 
424, 2.482311e-01, 1.670114e+00, -2.405750e+00, -8.087423e+00, 0.000000, 6.140227e-01, 4.709615e-01, 
425, 6.214577e-02, 6.003822e+00, -3.150316e+00, -6.060588e+00, 2.000000, 6.140227e-01, 4.709615e-01, 
426, 3.743336e-01, 2.978847e-01, -2.452211e+00, -2.894104e+00, 0.000000, 6.140227e-01, 4.709615e-01, 
427, 1.553242e-01, 1.115211e+01, -3.472758e+00, -3.472758e+00, 0.000000, 6.140227e-01, 4.709615e-01, 
428, 4.676486e-01, 5.561377e+00, -3.182323e+00, -3.575689e+00, 0.000000, 6.140227e-01, 4.709615e-01, 
429, 6.303441e-01, 2.695186e+00, -2.893187e+00, -3.185919e+00, 0.000000, 6.140227e-01, 4.709615e-01, 
430, 1.014685e-01, 2.795867e+00, -4.822936e+00, -1.149406e+01, 0.000000, 6.140227e-01, 4.709615e-01, 
431, 3.434961e-01, 7.572572e-01, -2.225428e+00, -2.225428e+00, 0.000000, 6.140227e-01, 4.709615e-01, 
432, 2.482311e-01, 1.670114e+00, -2.405750e+00, -3.370837e+00, 0.000000, 6.140227e-01, 4.709615e-01, 
433, 6.179238e-02, 7.873052e+00, -2.009604e+00, -2.009604e+00, 2.000000, 6.140227e-01, 4.709615e-01, 
434, 3.743336e-01, 2.978847e-01, -2.452211e+00, -2.925102e+00, 0.000000, 6.140227e-01, 4.709615e-01, 
435, 4.811892e-01, 6.630835e+00, -3.403684e+00, -3.403684e+00, 0.000000, 6.140227e-01, 4.709615e-01, 
436, 4.676486e-01, 5.561377e+00, -3.182323e+00, -4.157111e+00, 0.000000, 6.140227e-01, 4.709615e-01, 
437, 1.974140e-01, 3.446728e+00, -2.541962e+00, -2.541962e+00, 0.000000, 6.140227e-01, 4.709615e-01, 
438, 1.014685e-01, 2.795867e+00, -4.822936e+00, -7.428245e+00, 0.000000, 6.140227e-01, 4.709615e-01, 
439, 3.434961e-01, 7.572572e-01, -2.225428e+00, -2.295894e+00, 0.000000, 6.140227e-01, 4.709615e-01, 
440, 2.439176e-01, 1.662279e+00, -2.422352e+00, -2.422352e+00, 0.000000, 6.140227e-01, 4.709615e-01, 
441, 7.548231e-02, 5.364650e+00, -3.342429e+00, -3.342429e+00, 2.000000, 6.140227e-01, 4.709615e-01, 
442, 3.743336e-01, 2.978847e-01, -2.452211e+00, -3.149776e+00, 0.000000, 6.140227e-01, 4.709615e-01, 
443, 3.760547e-01, 6.360939e+00, -3.096184e+00, -3.096184e+00, 0.000000, 6.140227e-01, 4.709615e-01, 
444, 4.676486e-01, 5.561377e+00, -3.182323e+00, -4.812016e+00, 0.000000, 6.140227e-01, 4.709615e-01, 
445, 2.338274e-01, 1.370358e+00, -2.482319e+00, -2.482319e+00, 0.000000, 6.140227e-01, 4.709615e-01, 
446, 6.290850e-01, 3.904455e+00, -3.172779e+00, -3.172779e+00, 0.000000, 6.140227e-01, 4.709615e-01, 
447, 3.891704e-01, 1.325564e+00, -2.254910e+00, -2.254910e+00, 0.000000, 6.140227e-01, 4.709615e-01, 
448, 3.941833e-01, 2.300954e+00, -2.432602e+00, -2.432602e+00, 0.000000, 6.140227e-01, 4.709615e-01, 
449, 1.352893e-01, 8.823053e+00, -2.629664e+00, -2.629664e+00, 2.000000, 6.140227e-01, 4.709615e-01, 
450, 8.144634e-01, 7.318443e-01, -2.722662e+00, -2.722662e+00, 0.000000, 6.140227e-01, 4.709615e-01, 
451, 3.760547e-01, 6.360939e+00, -3.096184e+00, -4.016031e+00, 0.000000, 6.140227e-01, 4.709615e-01, 
452, 4.676486e-01, 5.561377e+00, -3.182323e+00, -6.645541e+00, 0.000000, 6.140227e-01, 4.709615e-01, 
453, 2.338274e-01, 1.370358e+00, -2.482319e+00, -4.833370e+00, 0.000000, 6.140227e-01, 4.709615e-01, 
454, 2.841751e-01, 1.535460e+00, -2.307629e+00, -2.307629e+00, 0.000000, 6.140227e-01, 4.709615e-01, 
455, 6.438819e-01, 1.736494e+00, -2.672801e+00, -2.672801e+00, 0.000000, 6.140227e-01, 4.709615e-01, 
456, 3.941833e-01, 2.300954e+00, -2.432602e+00, -3.181906e+00, 0.000000, 6.140227e-01, 4.709615e-01, 
457, 1.989008e-01, 3.700928e+00, -2.523478e+00, -2.523478e+00, 2.000000, 6.140227e-01, 4.709615e-01, 
458, 7.622924e-01, 1.309644e+00, -2.740253e+00, -2.740253e+00, 0.000000, 6.140227e-01, 4.709615e-01, 
459, 3.760547e-01, 6.360939e+00, -3.096184e+00, -3.638149e+00, 0.000000, 6.140227e-01, 4.709615e-01, 
460, 4.676486e-01, 5.561377e+00, -3.182323e+00, -3.808402e+00, 0.000000, 6.140227e-01, 4.709615e-01, 
461, 2.527135e-01, 1.054983e+00, -2.406626e+00, -2.406626e+00, 0.000000, 6.140227e-01, 4.709615e-01, 
462, 2.426173e-01, 1.737282e+00, -2.427019e+00, -2.427019e+00, 0.000000, 6.140227e-01, 4.709615e-01, 
463, 6.438819e-01, 1.736494e+00, -2.672801e+00, -3.047273e+00, 0.000000, 6.140227e-01, 4.709615e-01, 
464, 1.114309e+00, 1.368273e+00, -3.213504e+00, -3.213504e+00, 0.000000, 6.140227e-01, 4.709615e-01, 
465, 2.327329e-01, 4.583529e+00, -2.523318e+00, -2.523318e+00, 2.000000, 6.140227e-01, 4.709615e-01, 
466, 5.733545e-01, 1.833468e+00, -2.589584e+00, -2.589584e+00, 0.000000, 6.140227e-01, 4.709615e-01, 
467, 3.760547e-01, 6.360939e+00, -3.096184e+00, -4.267653e+00, 0.000000, 6.140227e-01, 4.709615e-01, 
468, 3.009923e-01, 6.645447e+00, -2.927102e+00, -2.927102e+00, 0.000000, 6.140227e-01, 4.709615e-01, 
469, 5.461615e-01, 9.308786e-01, -2.367924e+00, -2.367924e+00, 0.000000, 6.140227e-01, 4.709615e-01, 
470, 3.379510e-01, 2.097189e+00, -2.346281e+00, -2.346281e+00, 0.000000, 6.140227e-01, 4.709615e-01, 
471, 6.438819e-01, 1.736494e+00, -2.672801e+00, -4.489425e+00, 0.000000, 6.140227e-01, 4.709615e-01, 
472, 1.114309e+00, 1.368273e+00, -3.213504e+00, -3.322204e+00, 0.000000, 6.140227e-01, 4.709615e-01, 
473, 2.131055e-01, 3.267404e+00, -2.505227e+00, -2.505227e+00, 2.000000, 6.140227e-01, 4.709615e-01, 
474, 1.184116e+00, 5.117827e+00, -4.251459e+00, -4.251459e+00, 0.000000, 6.140227e-01, 4.709615e-01, 
475, 3.748276e-01, 7.749378e+00, -3.323877e+00, -3.323877e+00, 0.000000, 6.140227e-01, 4.709615e-01, 
476, 1.836594e-01, 2.145419e+00, -2.797532e+00, -2.797532e+00, 0.000000, 6.140227e-01, 4.709615e-01, 
477, 3.803943e-01, 1.512842e+00, -2.278063e+00, -2.278063e+00, 0.000000, 6.140227e-01, 4.709615e-01, 
478, 6.051207e-01, 9.902663e-01, -2.454795e+00, -2.454795e+00, 0.000000, 6.140227e-01, 4.709615e-01, 
479, 5.372659e-01, 2.928779e+00, -2.791729e+00, -2.791729e+00, 0.000000, 6.140227e-01, 4.709615e-01, 
480, 9.311737e-01, 9.071888e-01, -2.888935e+00, -2.888935e+00, 0.000000, 6.140227e-01, 4.709615e-01, 
481, 5.219478e-01, 5.515434e+00, -3.292295e+00, -3.292295e+00, 2.000000, 6.140227e-01, 4.709615e-01, 
482, 1.184116e+00, 5.117827e+00, -4.251459e+00, -4.858424e+00, 0.000000, 6.140227e-01, 4.709615e-01, 
483, 5.438273e-01, 4.008958e+00, -3.039209e+00, -3.039209e+00, 0.000000, 6.140227e-01, 4.709615e-01, 
484, 1.836594e-01, 2.145419e+00, -2.797532e+00, -4.217033e+00, 0.000000, 6.140227e-01, 4.709615e-01, 
485, 3.351586e-01, 1.007459e+00, -2.221055e+00, -2.221055e+00, 0.000000, 6.140227e-01, 4.709615e-01, 
486, 6.051207e-01, 9.902663e-01, -2.454795e+00, -2.962264e+00, 0.000000, 6.140227e-01, 4.709615e-01, 
487, 2.368411e-01, 1.183893e+00, -2.479670e+00, -2.479670e+00, 0.000000, 6.140227e-01, 4.709615e-01, 
488, 3.394776e-01, 2.185952e+00, -2.360506e+00, -2.360506e+00, 0.000000, 6.140227e-01, 4.709615e-01, 
489, 5.219478e-01, 5.515434e+00, -3.292295e+00, -4.346630e+00, 2.000000, 6.140227e-01, 4.709615e-01, 
490, 1.184116e+00, 5.117827e+00, -4.251459e+00, -5.636633e+00, 0.000000, 6.140227e-01, 4.709615e-01, 
491, 6.808809e-01, 4.293095e+00, -3.348356e+00, -3.348356e+00, 0.000000, 6.140227e-01, 4.709615e-01, 
492, 1.836594e-01, 2.145419e+00, -2.797532e+00, -5.126209e+00, 0.000000, 6.140227e-01, 4.709615e-01, 
493, 1.288498e-01, 1.259131e+00, -4.695150e+00, -4.695150e+00, 0.000000, 6.140227e-01, 4.709615e-01, 
494, 1.642860e+00, 9.744299e-01, -3.671992e+00, -3.671992e+00, 0.000000, 6.140227e-01, 4.709615e-01, 
495, 2.492554e-01, 6.693536e-01, -2.504749e+00, -2.504749e+00, 0.000000, 6.140227e-01, 4.709615e-01, 
496, 2.062427e-01, 2.173509e+00, -2.596776e+00, -2.596776e+00, 0.000000, 6.140227e-01, 4.709615e-01, 
497, 5.219478e-01, 5.515434e+00, -3.292295e+00, -4.666196e+00, 2.000000, 6.140227e-01, 4.709615e-01, 
498, 2.063547e-01, 8.286533e+00, -2.844436e+00, -2.844436e+00, 0.000000, 6.140227e-01, 4.709615e-01, 
499, 5.190428e-01, 4.763075e+00, -3.142689e+00, -3.142689e+00, 0.000000, 6.140227e-01, 4.709615e-01, 
500, 1.836594e-01, 2.145419e+00, -2.797532e+00, -6.011201e+00, 0.000000, 6.140227e-01, 4.709615e-01, 
501, 2.087621e-01, 2.155746e+00, -2.581799e+00, -2.581799e+00, 0.000000, 6.140227e-01, 4.709615e-01, 
502, 1.728976e+00, 7.935824e-01, -3.724963e+00, -3.724963e+00, 0.000000, 6.140227e-01, 4.709615e-01, 
503, 2.814541e-01, 5.527506e-01, -2.402061e+00, -2.402061e+00, 0.000000, 6.140227e-01, 4.709615e-01, 
504, 2.062427e-01, 2.173509e+00, -2.596776e+00, -2.792807e+00, 0.000000, 6.140227e-01, 4.709615e-01, 
505, 1.094426e+00, 3.863474e+00, -3.855846e+00, -3.855846e+00, 2.000000, 6.140227e-01, 4.709615e-01, 
506, 1.431725e-01, 1.067731e+01, -3.277804e+00, -3.277804e+00, 0.000000, 6.140227e-01, 4.709615e-01, 
507, 3.400378e-01, 2.318594e+00, -2.381151e+00, -2.381151e+00, 0.000000, 6.140227e-01, 4.709615e-01, 
508, 1.836594e-01, 2.145419e+00, -2.797532e+00, -1.779030e+01, 0.000000, 6.140227e-01, 4.709615e-01, 
509, 3.652642e-01, 1.528039e+00, -2.272069e+00, -2.272069e+00, 0.000000, 6.140227e-01, 4.709615e-01, 
510, 1.202082e+00, 1.470587e+00, -3.342597e+00, -3.342597e+00, 0.000000, 6.140227e-01, 4.709615e-01, 
511, 2.814541e-01, 5.527506e-01, -2.402061e+00, -4.682738e+00, 0.000000, 6.140227e-01, 4.709615e-01, 
512, 3.290524e-01, 2.315831e+00, -2.373889e+00, -2.373889e+00, 0.000000, 6.140227e-01, 4.709615e-01, 
513, 1.404853e+00, 4.171896e+00, -4.286343e+00, -4.286343e+00, 2.000000, 6.140227e-01, 4.709615e-01, 
514, 1.431725e-01, 1.067731e+01, -3.277804e+00, -3.800972e+00, 0.000000, 6.140227e-01, 4.709615e-01, 
515, 2.899628e-01, 2.294603e+00, -2.366780e+00, -2.366780e+00, 0.000000, 6.140227e-01, 4.709615e-01, 
516, 1.836594e-01, 2.145419e+00, -2.797532e+00, -4.001378e+00, 0.000000, 6.140227e-01, 4.709615e-01, 
517, 2.794556e-01, 1.615175e+00, -2.320828e+00, -2.320828e+00, 0.000000, 6.140227e-01, 4.709615e-01, 
518, 6.921088e-01, 2.010998e+00, -2.816622e+00, -2.816622e+00, 0.000000, 6.140227e-01, 4.709615e-01, 
519, 2.216226e-01, 6.617403e-01, -2.725270e+00, -2.725270e+00, 0.000000, 6.140227e-01, 4.709615e-01, 
520, 3.290524e-01, 2.315831e+00, -2.373889e+00, -3.447424e+00, 0.000000, 6.140227e-01, 4.709615e-01, 
521, 1.874265e+00, 3.672205e+00, -4.605316e+00, -4.605316e+00, 2.000000, 6.140227e-01, 4.709615e-01, 
522, 2.220841e-01, 1.109815e+01, -3.538832e+00, -3.538832e+00, 0.000000, 6.140227e-01, 4.709615e-01, 
523, 1.134145e-01, 2.954411e+00, -4.024352e+00, -4.024352e+00, 0.000000, 6.140227e-01, 4.709615e-01, 
524, 1.836594e-01, 2.145419e+00, -2.797532e+00, -4.300693e+00, 0.000000, 6.140227e-01, 4.709615e-01, 
525, 4.056580e-01, 1.220092e+00, -2.251150e+00, -2.251150e+00, 0.000000, 6.140227e-01, 4.709615e-01, 
526, 3.516974e-01, 1.281659e+00, -2.236167e+00, -2.236167e+00, 0.000000, 6.140227e-01, 4.709615e-01, 
527, 2.699687e-01, 8.708553e-01, -2.354304e+00, -2.354304e+00, 0.000000, 6.140227e-01, 4.709615e-01, 
528, 1.093827e+00, 8.718164e-01, -3.085487e+00, -3.085487e+00, 0.000000, 6.140227e-01, 4.709615e-01, 
529, 1.874265e+00, 3.672205e+00, -4.605316e+00, -5.147308e+00, 2.000000, 6.140227e-01, 4.709615e-01, 
530, 2.220841e-01, 1.109815e+01, -3.538832e+00, -3.809057e+00, 0.000000, 6.140227e-01, 4.709615e-01, 
531, 2.300867e-01, 1.285725e+00, -2.512301e+00, -2.512301e+00, 0.000000, 6.140227e-01, 4.709615e-01, 
532, 1.836594e-01, 2.145419e+00, -2.797532e+00, -6.165992e+00, 0.000000, 6.140227e-01, 4.709615e-01, 
533, 3.018579e-01, 1.207676e+00, -2.261687e+00, -2.261687e+00, 0.000000, 6.140227e-01, 4.709615e-01, 
534, 5.549800e-01, 1.528380e+00, -2.489938e+00, -2.489938e+00, 0.000000, 6.140227e-01, 4.709615e-01, 
535, 2.699687e-01, 8.708553e-01, -2.354304e+00, -5.924683e+00, 0.000000, 6.140227e-01, 4.709615e-01, 
536, 1.093827e+00, 8.718164e-01, -3.085487e+00, -3.338799e+00, 0.000000, 6.140227e-01, 4.709615e-01, 
537, 1.874265e+00, 3.672205e+00, -4.605316e+00, -5.057445e+00, 2.000000, 6.140227e-01, 4.709615e-01, 
538, 2.220841e-01, 1.109815e+01, -3.538832e+00, -4.738535e+00, 0.000000, 6.140227e-01, 4.709615e-01, 
539, 2.706883e-01, 1.369980e+00, -2.330638e+00, -2.330638e+00, 0.000000, 6.140227e-01, 4.709615e-01, 
540, 1.836594e-01, 2.145419e+00, -2.797532e+00, -2.046296e+01, 0.000000, 6.140227e-01, 4.709615e-01, 
541, 1.959567e-01, 2.484435e+00, -2.635474e+00, -2.635474e+00, 0.000000, 6.140227e-01, 4.709615e-01, 
542, 8.785629e-01, 1.700121e+00, -3.002459e+00, -3.002459e+00, 0.000000, 6.140227e-01, 4.709615e-01, 
543, 4.443163e-01, 2.192958e+00, -2.478304e+00, -2.478304e+00, 0.000000, 6.140227e-01, 4.709615e-01, 
544, 9.005893e-01, 7.947549e-01, -2.838295e+00, -2.838295e+00, 0.000000, 6.140227e-01, 4.709615e-01, 
545, 1.917025e+00, 3.863716e+00, -4.688943e+00, -4.688943e+00, 2.000000, 6.140227e-01, 4.709615e-01, 
546, 2.000107e-01, 6.575389e+00, -2.586333e+00, -2.586333e+00, 0.000000, 6.140227e-01, 4.709615e-01, 
547, 5.679540e-01, 7.260405e-01, -2.388338e+00, -2.388338e+00, 0.000000, 6.140227e-01, 4.709615e-01, 
548, 4.245156e-01, 1.018124e+00, -2.241598e+00, -2.241598e+00, 0.000000, 6.140227e-01, 4.709615e-01, 
549, 1.959567e-01, 2.484435e+00, -2.635474e+00, -5.908816e+00, 0.000000, 6.140227e-01, 4.709615e-01, 
550, 7.972269e-01, 1.606662e+00, -2.864379e+00, -2.864379e+00, 0.000000, 6.140227e-01, 4.709615e-01, 
551, 6.451656e-01, 7.501595e-01, -2.491168e+00, -2.491168e+00, 0.000000, 6.140227e-01, 4.709615e-01, 
552, 3.084313e-01, 1.041954e+00, -2.248176e+00, -2.248176e+00, 0.000000, 6.140227e-01, 4.709615e-01, 
553, 2.075844e+00, 3.846951e+00, -4.812571e+00, -4.812571e+00, 2.000000, 6.140227e-01, 4.709615e-01, 
554, 2.000107e-01, 6.575389e+00, -2.586333e+00, -3.018897e+00, 0.000000, 6.140227e-01, 4.709615e-01, 
555, 4.353290e-01, 6.715137e-01, -2.250741e+00, -2.250741e+00, 0.000000, 6.140227e-01, 4.709615e-01, 
556, 4.632946e-01, 7.552122e-01, -2.266038e+00, -2.266038e+00, 0.000000, 6.140227e-01, 4.709615e-01, 
557, 2.865466e-01, 2.955029e+00, -2.434815e+00, -2.434815e+00, 0.000000, 6.140227e-01, 4.709615e-01, 
558, 1.421172e+00, 2.123001e+00, -3.763880e+00, -3.763880e+00, 0.000000, 6.140227e-01, 4.709615e-01, 
559, 2.848678e-01, 3.348545e-01, -2.545550e+00, -2.545550e+00, 0.000000, 6.140227e-01, 4.709615e-01, 
560, 1.761745e-01, 1.008908e+00, -3.238637e+00, -3.238637e+00, 0.000000, 6.140227e-01, 4.709615e-01, 
561, 2.388084e+00, 3.960415e+00, -5.071098e+00, -5.071098e+00, 2.000000, 6.140227e-01, 4.709615e-01, 
562, 1.628819e-01, 5.860327e+00, -2.450546e+00, -2.450546e+00, 0.000000, 6.140227e-01, 4.709615e-01, 
563, 4.019654e-01, 8.576158e-01, -2.218759e+00, -2.218759e+00, 0.000000, 6.140227e-01, 4.709615e-01, 
564, 4.821106e-01, 8.577070e-01, -2.285215e+00, -2.285215e+00, 0.000000, 6.140227e-01, 4.709615e-01, 
565, 2.865466e-01, 2.955029e+00, -2.434815e+00, -2.725303e+00, 0.000000, 6.140227e-01, 4.709615e-01, 
566, 1.421172e+00, 2.123001e+00, -3.763880e+00, -5.368124e+00, 0.000000, 6.140227e-01, 4.709615e-01, 
567, 3.726912e-01, 2.131927e-01, -2.559443e+00, -2.559443e+00, 0.000000, 6.140227e-01, 4.709615e-01, 
568, 1.761745e-01, 1.008908e+00, -3.238637e+00, -3.520744e+00, 0.000000, 6.140227e-01, 4.709615e-01, 
569, 2.388084e+00, 3.960415e+00, -5.071098e+00, -5.361660e+00, 2.000000, 6.140227e-01, 4.709615e-01, 
570, 1.258001e-01, 4.722733e+00, -2.723179e+00, -2.723179e+00, 0.000000, 6.140227e-01, 4.709615e-01, 
571, 7.641244e-01, 4.115905e-01, -2.747207e+00, -2.747207e+00, 0.000000, 6.140227e-01, 4.709615e-01, 
572, 4.416610e-01, 8.171193e-01, -2.245258e+00, -2.245258e+00, 0.000000, 6.140227e-01, 4.709615e-01, 
573, 2.550868e-01, 1.757245e+00, -2.384307e+00, -2.384307e+00, 0.000000, 6.140227e-01, 4.709615e-01, 
574, 1.407566e+00, 1.092416e+00, -3.468775e+00, -3.468775e+00, 0.000000, 6.140227e-01, 4.709615e-01, 
575, 3.309837e-01, 1.957036e-01, -2.575665e+00, -2.575665e+00, 0.000000, 6.140227e-01, 4.709615e-01, 
576, 2.816928e-01, 1.685900e+00, -2.321565e+00, -2.321565e+00, 0.000000, 6.140227e-01, 4.709615e-01, 
577, 2.430000e+00, 4.438389e+00, -5.214943e+00, -5.214943e+00, 2.000000, 6.140227e-01, 4.709615e-01, 
578, 1.440482e-01, 6.433823e+00, -2.400213e+00, -2.400213e+00, 0.000000, 6.140227e-01, 4.709615e-01, 
579, 2.249207e-01, 1.473866e-01, -2.652034e+00, -2.652034e+00, 0.000000, 6.140227e-01, 4.709615e-01, 
580, 2.511884e-01, 9.844192e-01, -2.421780e+00, -2.421780e+00, 0.000000, 6.140227e-01, 4.709615e-01, 
581, 2.550868e-01, 1.757245e+00, -2.384307e+00, -2.453168e+00, 0.000000, 6.140227e-01, 4.709615e-01, 
582, 1.407566e+00, 1.092416e+00, -3.468775e+00, -4.792125e+00, 0.000000, 6.140227e-01, 4.709615e-01, 
583, 3.967512e-01, 1.435245e-01, -2.703852e+00, -2.703852e+00, 0.000000, 6.140227e-01, 4.709615e-01, 
584, 4.627152e-01, 9.396929e-01, -2.269755e+00, -2.269755e+00, 0.000000, 6.140227e-01, 4.709615e-01, 
585, 2.238237e+00, 3.756580e+00, -4.913001e+00, -4.913001e+00, 2.000000, 6.140227e-01, 4.709615e-01, 
586, 1.440482e-01, 6.433823e+00, -2.400213e+00, -7.823785e+01, 0.000000, 6.140227e-01, 4.709615e-01, 
587, 2.333922e-01, 1.847390e-01, -2.765419e+00, -2.765419e+00, 0.000000, 6.140227e-01, 4.709615e-01, 
588, 2.511884e-01, 9.844192e-01, -2.421780e+00, -3.724001e+00, 0.000000, 6.140227e-01, 4.709615e-01, 
589, 2.550868e-01, 1.757245e+00, -2.384307e+00, -5.742739e+00, 0.000000, 6.140227e-01, 4.709615e-01, 
590, 1.407566e+00, 1.092416e+00, -3.468775e+00, -6.427137e+00, 0.000000, 6.140227e-01, 4.709615e-01, 
591, 1.741278e-01, 1.279395e-01, -2.683767e+00, -2.683767e+00, 0.000000, 6.140227e-01, 4.709615e-01, 
592, 4.627152e-01, 9.396929e-01, -2.269755e+00, -3.508902e+00, 0.000000, 6.140227e-01, 4.709615e-01, 
593, 1.864469e+00, 3.857045e+00, -4.643202e+00, -4.643202e+00, 2.000000, 6.140227e-01, 4.709615e-01, 
594, 1.440482e-01, 6.433823e+00, -2.400213e+00, -4.093079e+00, 0.000000, 6.140227e-01, 4.709615e-01, 
595, 3.322652e-01, 2.307092e-01, -2.545245e+00, -2.545245e+00, 0.000000, 6.140227e-01, 4.709615e-01, 
596, 2.511884e-01, 9.844192e-01, -2.421780e+00, -3.434901e+00, 0.000000, 6.140227e-01, 4.709615e-01, 
597, 2.550868e-01, 1.757245e+00, -2.384307e+00, -2.588972e+00, 0.000000, 6.140227e-01, 4.709615e-01, 
598, 1.441220e+00, 1.288119e+00, -3.549532e+00, -3.549532e+00, 0.000000, 6.140227e-01, 4.709615e-01, 
599, 3.088143e-01, 1.052003e-01, -2.645348e+00, -2.645348e+00, 0.000000, 6.140227e-01, 4.709615e-01, 
600, 4.627152e-01, 9.396929e-01, -2.269755e+00, -2.539483e+00, 0.000000, 6.140227e-01, 4.709615e-01, 
601, 1.412880e+00, 3.557480e+00, -4.144381e+00, -4.144381e+00, 2.000000, 6.140227e-01, 4.709615e-01, 
602, 2.815801e-01, 9.895301e+00, -3.428222e+00, -3.428222e+00, 0.000000, 6.140227e-01, 4.709615e-01, 
603, 2.374010e-01, 7.420223e-02, -2.695659e+00, -2.695659e+00, 0.000000, 6.140227e-01, 4.709615e-01, 
604, 2.267390e-01, 8.990609e-01, -2.597206e+00, -2.597206e+00, 0.000000, 6.140227e-01, 4.709615e-01, 
605, 2.550868e-01, 1.757245e+00, -2.384307e+00, -3.181460e+00, 0.000000, 6.140227e-01, 4.709615e-01, 
606, 7.140927e-01, 1.402959e+00, -2.693574e+00, -2.693574e+00, 0.000000, 6.140227e-01, 4.709615e-01, 
607, 3.088143e-01, 1.052003e-01, -2.645348e+00, -1.012896e+01, 0.000000, 6.140227e-01, 4.709615e-01, 
608, 3.815326e-01, 2.396747e+00, -2.434963e+00, -2.434963e+00, 0.000000, 6.140227e-01, 4.709615e-01, 
609, 1.892993e+00, 3.922417e+00, -4.683371e+00, -4.683371e+00, 2.000000, 6.140227e-01, 4.709615e-01, 
610, 2.815801e-01, 9.895301e+00, -3.428222e+00, -4.120423e+00, 0.000000, 6.140227e-01, 4.709615e-01, 
611, 1.673766e-01, 9.544254e-02, -2.291415e+00, -2.291415e+00, 0.000000, 6.140227e-01, 4.709615e-01, 
612, 2.267390e-01, 8.990609e-01, -2.597206e+00, -2.982710e+00, 0.000000, 6.140227e-01, 4.709615e-01, 
613, 2.550868e-01, 1.757245e+00, -2.384307e+00, -2.647329e+00, 0.000000, 6.140227e-01, 4.709615e-01, 
614, 7.140927e-01, 1.402959e+00, -2.693574e+00, -3.072041e+00, 0.000000, 6.140227e-01, 4.709615e-01, 
615, 3.088143e-01, 1.052003e-01, -2.645348e+00, -5.415848e+00, 0.000000, 6.140227e-01, 4.709615e-01, 
616, 3.815326e-01, 2.396747e+00, -2.434963e+00, -3.881368e+00, 0.000000, 6.140227e-01, 4.709615e-01, 
617, 2.433091e+00, 3.381724e+00, -4.955509e+00, -4.955509e+00, 2.000000, 6.140227e-01, 4.709615e-01, 
618, 2.815801e-01, 9.895301e+00, -3.428222e+00, -3.642737e+00, 0.000000, 6.140227e-01, 4.709615e-01, 
619, 1.673766e-01, 9.544254e-02, -2.291415e+00, -1.035426e+01, 0.000000, 6.140227e-01, 4.709615e-01, 
620, 1.576266e-01, 2.177655e+00, -3.174623e+00, -3.174623e+00, 0.000000, 6.140227e-01, 4.709615e-01, 
621, 3.173683e-01, 2.535482e+00, -2.398287e+00, -2.398287e+00, 0.000000, 6.140227e-01, 4.709615e-01, 
622, 3.868483e-01, 2.702289e+00, -2.497747e+00, -2.497747e+00, 0.000000, 6.140227e-01, 4.709615e-01, 
623, 4.955745e-01, 9.747273e-02, -3.143868e+00, -3.143868e+00, 0.000000, 6.140227e-01, 4.709615e-01, 
624, 2.198799e-01, 1.106904e+00, -2.612726e+00, -2.612726e+00, 0.000000, 6.140227e-01, 4.709615e-01, 
625, 2.939474e+00, 3.508013e+00, -5.311236e+00, -5.311236e+00, 2.000000, 6.140227e-01, 4.709615e-01, 
626, 2.815801e-01, 9.895301e+00, -3.428222e+00, -8.787044e+00, 0.000000, 6.140227e-01, 4.709615e-01, 
627, 3.508500e-01, 1.100825e-01, -2.724632e+00, -2.724632e+00, 0.000000, 6.140227e-01, 4.709615e-01, 
628, 1.576266e-01, 2.177655e+00, -3.174623e+00, -6.851136e+00, 0.000000, 6.140227e-01, 4.709615e-01, 
629, 2.806103e-01, 2.642908e+00, -2.403648e+00, -2.403648e+00, 0.000000, 6.140227e-01, 4.709615e-01, 
630, 2.853476e-01, 1.550780e+00, -2.306612e+00, -2.306612e+00, 0.000000, 6.140227e-01, 4.709615e-01, 
631, 4.955745e-01, 9.747273e-02, -3.143868e+00, -3.482884e+00, 0.000000, 6.140227e-01, 4.709615e-01, 
632, 2.101089e-01, 1.677798e+00, -2.617910e+00, -2.617910e+00, 0.000000, 6.140227e-01, 4.709615e-01, 
633, 3.280457e+00, 3.254065e+00, -5.437727e+00, -5.437727e+00, 2.000000, 6.140227e-01, 4.709615e-01, 
634, 2.815801e-01, 9.895301e+00, -3.428222e+00, -4.952360e+00, 0.000000, 6.140227e-01, 4.709615e-01, 
635, 3.839200e-01, 1.401626e-01, -2.692440e+00, -2.692440e+00, 0.000000, 6.140227e-01, 4.709615e-01, 
636, 1.576266e-01, 2.177655e+00, -3.174623e+00, -7.266813e+00, 0.000000, 6.140227e-01, 4.709615e-01, 
637, 3.563428e-01, 2.300156e+00, -2.391406e+00, -2.391406e+00, 0.000000, 6.140227e-01, 4.709615e-01, 
638, 2.355493e-01, 1.360321e+00, -2.473108e+00, -2.473108e+00, 0.000000, 6.140227e-01, 4.709615e-01, 
639, 4.801506e-01, 6.435645e-02, -3.624973e+00, -3.624973e+00, 0.000000, 6.140227e-01, 4.709615e-01, 
640, 3.366480e-01, 1.149021e+00, -2.227028e+00, -2.227028e+00, 0.000000, 6.140227e-01, 4.709615e-01, 
641, 2.084611e+00, 3.721263e+00, -4.787985e+00, -4.787985e+00, 2.000000, 6.140227e-01, 4.709615e-01, 
642, 2.815801e-01, 9.895301e+00, -3.428222e+00, -9.653228e+00, 0.000000, 6.140227e-01, 4.709615e-01, 
643, 3.811932e-01, 1.639462e-01, -2.639208e+00, -2.639208e+00, 0.000000, 6.140227e-01, 4.709615e-01, 
644, 3.496909e-01, 2.405595e+00, -2.402657e+00, -2.402657e+00, 0.000000, 6.140227e-01, 4.709615e-01, 
645, 1.332212e-01, 4.912179e+00, -2.608163e+00, -2.608163e+00, 0.000000, 6.140227e-01, 4.709615e-01, 
646, 2.244288e-01, 3.130511e+00, -2.482209e+00, -2.482209e+00, 0.000000, 6.140227e-01, 4.709615e-01, 
647, 2.387305e-01, 6.359303e-02, -3.023933e+00, -3.023933e+00, 0.000000, 6.140227e-01, 4.709615e-01, 
648, 3.366480e-01, 1.149021e+00, -2.227028e+00, -2.379748e+00, 0.000000, 6.140227e-01, 4.709615e-01, 
649, 1.391165e+00, 3.066646e+00, -3.994486e+00, -3.994486e+00, 2.000000, 6.140227e-01, 4.709615e-01, 
650, 2.950719e-01, 1.510929e+01, -4.702558e+00, -4.702558e+00, 0.000000, 6.140227e-01, 4.709615e-01, 
651, 3.811932e-01, 1.639462e-01, -2.639208e+00, -3.059963e+00, 0.000000, 6.140227e-01, 4.709615e-01, 
652, 9.842568e-01, 1.805770e+00, -3.171719e+00, -3.171719e+00, 0.000000, 6.140227e-01, 4.709615e-01, 
653, 1.542547e-01, 4.588607e+00, -2.570575e+00, -2.570575e+00, 0.000000, 6.140227e-01, 4.709615e-01, 
654, 2.244288e-01, 3.130511e+00, -2.482209e+00, -3.835528e+00, 0.000000, 6.140227e-01, 4.709615e-01, 
655, 2.387305e-01, 6.359303e-02, -3.023933e+00, -5.288639e+00, 0.000000, 6.140227e-01, 4.709615e-01, 
656, 3.366480e-01, 1.149021e+00, -2.227028e+00, -3.236468e+00, 0.000000, 6.140227e-01, 4.709615e-01, 
657, 1.003021e+00, 4.097424e+00, -3.792715e+00, -3.792715e+00, 2.000000, 6.140227e-01, 4.709615e-01, 
658, 1.123417e+00, 1.874239e+01, -6.197421e+00, -6.197421e+00, 0.000000, 6.140227e-01, 4.709615e-01, 
659, 3.019050e-01, 2.667490e-01, -2.556154e+00, -2.556154e+00, 0.000000, 6.140227e-01, 4.709615e-01, 
660, 9.842568e-01, 1.805770e+00, -3.171719e+00, -5.216810e+00, 0.000000, 6.140227e-01, 4.709615e-01, 
661, 4.231560e-01, 4.302284e+00, -2.856383e+00, -2.856383e+00, 0.000000, 6.140227e-01, 4.709615e-01, 
662, 1.634384e-01, 5.152984e+00, -2.483881e+00, -2.483881e+00, 0.000000, 6.140227e-01, 4.709615e-01, 
663, 2.387305e-01, 6.359303e-02, -3.023933e+00, -9.906945e+00, 0.000000, 6.140227e-01, 4.709615e-01, 
664, 4.014692e-01, 1.112948e+00, -2.234905e+00, -2.234905e+00, 0.000000, 6.140227e-01, 4.709615e-01, 
665, 8.006251e-01, 3.802799e+00, -3.432799e+00, -3.432799e+00, 2.000000, 6.140227e-01, 4.709615e-01, 
666, 6.479988e-01, 3.279427e+01, -6.517244e+00, -6.517244e+00, 0.000000, 6.140227e-01, 4.709615e-01, 
667, 3.019050e-01, 2.667490e-01, -2.556154e+00, -4.814108e+00, 0.000000, 6.140227e-01, 4.709615e-01, 
668, 1.154090e+00, 2.926463e+00, -3.691670e+00, -3.691670e+00, 0.000000, 6.140227e-01, 4.709615e-01, 
669, 2.514619e-01, 7.327267e+00, -2.865109e+00, -2.865109e+00, 0.000000, 6.140227e-01, 4.709615e-01, 
670, 3.858954e-01, 4.223626e+00, -2.765012e+00, -2.765012e+00, 0.000000, 6.140227e-01, 4.709615e-01, 
671, 2.387305e-01, 6.359303e-02, -3.023933e+00, -5.310691e+00, 0.000000, 6.140227e-01, 4.709615e-01, 
672, 3.315854e-01, 1.045768e+00, -2.224432e+00, -2.224432e+00, 0.000000, 6.140227e-01, 4.709615e-01, 
673, 5.590194e-01, 4.314061e+00, -3.131486e+00, -3.131486e+00, 2.000000, 6.140227e-01, 4.709615e-01, 
674, 5.109911e-01, 3.769342e+01, -6.960187e+00, -6.960187e+00, 0.000000, 6.140227e-01, 4.709615e-01, 
675, 3.019050e-01, 2.667490e-01, -2.556154e+00, -3.513192e+00, 0.000000, 6.140227e-01, 4.709615e-01, 
676, 1.154090e+00, 2.926463e+00, -3.691670e+00, -4.394294e+00, 0.000000, 6.140227e-01, 4.709615e-01, 
677, 2.076153e-01, 4.047138e+00, -2.500393e+00, -2.500393e+00, 0.000000, 6.140227e-01, 4.709615e-01, 
678, 3.858954e-01, 4.223626e+00, -2.765012e+00, -3.373631e+00, 0.000000, 6.140227e-01, 4.709615e-01, 
679, 4.723769e-01, 1.089150e-01, -3.001772e+00, -3.001772e+00, 0.000000, 6.140227e-01, 4.709615e-01, 
680, 3.315854e-01, 1.045768e+00, -2.224432e+00, -6.410817e+00, 0.000000, 6.140227e-01, 4.709615e-01, 
681, 3.664691e-01, 3.596654e+00, -2.621882e+00, -2.621882e+00, 2.000000, 6.140227e-01, 4.709615e-01, 
682, 5.109911e-01, 3.769342e+01, -6.960187e+00, -3.000908e+04, 0.000000, 6.140227e-01, 4.709615e-01, 
683, 6.497718e-01, 3.238174e-01, -2.681396e+00, -2.681396e+00, 0.000000, 6.140227e-01, 4.709615e-01, 
684, 1.386524e+00, 2.325918e+00, -3.785935e+00, -3.785935e+00, 0.000000, 6.140227e-01, 4.709615e-01, 
685, 1.918185e-01, 7.155350e+00, -2.616287e+00, -2.616287e+00, 0.000000, 6.140227e-01, 4.709615e-01, 
686, 4.152883e-01, 5.112098e+00, -2.983069e+00, -2.983069e+00, 0.000000, 6.140227e-01, 4.709615e-01, 
687, 3.845433e-01, 1.869679e-01, -2.603948e+00, -2.603948e+00, 0.000000, 6.140227e-01, 4.709615e-01, 
688, 1.927874e-01, 1.370096e+00, -2.847537e+00, -2.847537e+00, 0.000000, 6.140227e-01, 4.709615e-01, 
689, 2.310661e-01, 4.879924e+00, -2.538873e+00, -2.538873e+00, 2.000000, 6.140227e-01, 4.709615e-01, 
690, 1.319626e+00, 6.085112e+01, -9.039006e+00, -9.039006e+00, 0.000000, 6.140227e-01, 4.709615e-01, 
691, 6.497718e-01, 3.238174e-01, -2.681396e+00, -4.106291e+00, 0.000000, 6.140227e-01, 4.709615e-01, 
692, 1.993376e+00, 1.060477e+00, -3.987322e+00, -3.987322e+00, 0.000000, 6.140227e-01, 4.709615e-01, 
693, 3.659209e-01, 7.383362e+00, -3.237255e+00, -3.237255e+00, 0.000000, 6.140227e-01, 4.709615e-01, 
694, 4.152883e-01, 5.112098e+00, -2.983069e+00, -3.393732e+00, 0.000000, 6.140227e-01, 4.709615e-01, 
695, 4.916345e-01, 2.714842e-01, -2.559486e+00, -2.559486e+00, 0.000000, 6.140227e-01, 4.709615e-01, 
696, 1.851769e-01, 1.936193e+00, -2.821651e+00, -2.821651e+00, 0.000000, 6.140227e-01, 4.709615e-01, 
697, 2.310661e-01, 4.879924e+00, -2.538873e+00, -2.640901e+00, 2.000000, 6.140227e-01, 4.709615e-01, 
698, 1.319626e+00, 6.085112e+01, -9.039006e+00, -3.000941e+04, 0.000000, 6.140227e-01, 4.709615e-01, 
699, 6.497718e-01, 3.238174e-01, -2.681396e+00, -7.170839e+00, 0.000000, 6.140227e-01, 4.709615e-01, 
700, 3.530295e+00, 2.446104e+00, -5.345036e+00, -5.345036e+00, 0.000000, 6.140227e-01, 4.709615e-01, 
701, 4.112864e-01, 4.946177e+00, -2.945040e+00, -2.945040e+00, 0.000000, 6.140227e-01, 4.709615e-01, 
702, 4.152883e-01, 5.112098e+00, -2.983069e+00, -3.673130e+00, 0.000000, 6.140227e-01, 4.709615e-01, 
703, 5.338218e-01, 3.139309e-01, -2.546130e+00, -2.546130e+00, 0.000000, 6.140227e-01, 4.709615e-01, 
704, 2.972833e-01, 1.847098e+00, -2.317200e+00, -2.317200e+00, 0.000000, 6.140227e-01, 4.709615e-01, 
705, 3.491485e-01, 5.596454e+00, -2.902675e+00, -2.902675e+00, 2.000000, 6.140227e-01, 4.709615e-01, 
706, 1.571018e+00, 5.548854e+01, -9.250191e+00, -9.250191e+00, 0.000000, 6.140227e-01, 4.709615e-01, 
707, 1.239160e+00, 6.239270e-01, -3.246830e+00, -3.246830e+00, 0.000000, 6.140227e-01, 4.709615e-01, 
708, 3.660466e+00, 6.857005e-01, -4.974237e+00, -4.974237e+00, 0.000000, 6.140227e-01, 4.709615e-01, 
709, 6.131954e-01, 6.090472e+00, -3.585457e+00, -3.585457e+00, 0.000000, 6.140227e-01, 4.709615e-01, 
710, 4.461978e-01, 5.940470e+00, -3.200331e+00, -3.200331e+00, 0.000000, 6.140227e-01, 4.709615e-01, 
711, 8.912040e-01, 8.470191e-01, -2.830122e+00, -2.830122e+00, 0.000000, 6.140227e-01, 4.709615e-01, 
712, 2.972833e-01, 1.847098e+00, -2.317200e+00, -3.769046e+00, 0.000000, 6.140227e-01, 4.709615e-01, 
713, 5.806672e-01, 4.554345e+00, -3.222147e+00, -3.222147e+00, 2.000000, 6.140227e-01, 4.709615e-01, 
714, 2.729096e+00, 5.108610e+01, -9.792792e+00, -9.792792e+00, 0.000000, 6.140227e-01, 4.709615e-01, 
715, 1.186475e+00, 6.229831e-01, -3.188455e+00, -3.188455e+00, 0.000000, 6.140227e-01, 4.709615e-01, 
716, 2.877937e+00, 6.799378e-01, -4.549579e+00, -4.549579e+00, 0.000000, 6.140227e-01, 4.709615e-01, 
717, 9.199276e-01, 4.726738e+00, -3.819528e+00, -3.819528e+00, 0.000000, 6.140227e-01, 4.709615e-01, 
718, 4.461978e-01, 5.940470e+00, -3.200331e+00, -3.589373e+00, 0.000000, 6.140227e-01, 4.709615e-01, 
719, 6.398750e-01, 1.695987e+00, -2.656577e+00, -2.656577e+00, 0.000000, 6.140227e-01, 4.709615e-01, 
720, 9.158678e-01, 1.694447e+00, -3.051270e+00, -3.051270e+00, 0.000000, 6.140227e-01, 4.709615e-01, 
721, 5.806672e-01, 4.554345e+00, -3.222147e+00, -4.260954e+00, 2.000000, 6.140227e-01, 4.709615e-01, 
722, 2.156135e+00, 3.409384e+01, -8.332660e+00, -8.332660e+00, 0.000000, 6.140227e-01, 4.709615e-01, 
723, 4.386474e-01, 5.214556e-01, -2.294147e+00, -2.294147e+00, 0.000000, 6.140227e-01, 4.709615e-01, 
724, 1.397450e+00, 9.314449e-01, -3.427813e+00, -3.427813e+00, 0.000000, 6.140227e-01, 4.709615e-01, 
725, 4.815758e-01, 4.027439e+00, -2.922545e+00, -2.922545e+00, 0.000000, 6.140227e-01, 4.709615e-01, 
726, 4.461978e-01, 5.940470e+00, -3.200331e+00, -6.183365e+00, 0.000000, 6.140227e-01, 4.709615e-01, 
727, 6.398750e-01, 1.695987e+00, -2.656577e+00, -4.169539e+00, 0.000000, 6.140227e-01, 4.709615e-01, 
728, 1.083598e+00, 6.253458e-01, -3.069439e+00, -3.069439e+00, 0.000000, 6.140227e-01, 4.709615e-01, 
729, 1.067639e+00, 2.533137e+00, -3.479788e+00, -3.479788e+00, 2.000000, 6.140227e-01, 4.709615e-01, 
730, 8.615550e-01, 2.440647e+01, -6.459235e+00, -6.459235e+00, 0.000000, 6.140227e-01, 4.709615e-01, 
731, 4.386474e-01, 5.214556e-01, -2.294147e+00, -2.687805e+00, 0.000000, 6.140227e-01, 4.709615e-01, 
732, 1.158107e+00, 7.851268e-01, -3.152392e+00, -3.152392e+00, 0.000000, 6.140227e-01, 4.709615e-01, 
733, 4.815758e-01, 4.027439e+00, -2.922545e+00, -5.094045e+00, 0.000000, 6.140227e-01, 4.709615e-01, 
734, 3.810311e-01, 4.870080e+00, -2.863172e+00, -2.863172e+00, 0.000000, 6.140227e-01, 4.709615e-01, 
735, 3.768681e-01, 1.656226e+00, -2.299125e+00, -2.299125e+00, 0.000000, 6.140227e-01, 4.709615e-01, 
736, 8.966545e-01, 4.624680e-01, -2.888629e+00, -2.888629e+00, 0.000000, 6.140227e-01, 4.709615e-01, 
737, 9.614492e-01, 2.907829e+00, -3.442441e+00, -3.442441e+00, 2.000000, 6.140227e-01, 4.709615e-01, 
738, 5.336240e-01, 3.135083e+01, -6.245755e+00, -6.245755e+00, 0.000000, 6.140227e-01, 4.709615e-01, 
739, 8.885366e-01, 4.620724e-01, -2.878399e+00, -2.878399e+00, 0.000000, 6.140227e-01, 4.709615e-01, 
740, 1.158107e+00, 7.851268e-01, -3.152392e+00, -3.601577e+00, 0.000000, 6.140227e-01, 4.709615e-01, 
741, 4.722878e-01, 1.436698e+00, -2.356807e+00, -2.356807e+00, 0.000000, 6.140227e-01, 4.709615e-01, 
742, 5.470619e-01, 4.217522e+00, -3.088685e+00, -3.088685e+00, 0.000000, 6.140227e-01, 4.709615e-01, 
743, 2.604996e-01, 1.135246e+00, -2.367286e+00, -2.367286e+00, 0.000000, 6.140227e-01, 4.709615e-01, 
744, 3.156400e-01, 5.332299e-01, -2.321676e+00, -2.321676e+00, 0.000000, 6.140227e-01, 4.709615e-01, 
745, 9.885458e-01, 2.377003e+00, -3.335906e+00, -3.335906e+00, 2.000000, 6.140227e-01, 4.709615e-01, 
746, 8.207579e-01, 3.472270e+01, -6.955700e+00, -6.955700e+00, 0.000000, 6.140227e-01, 4.709615e-01, 
747, 2.272586e+00, 8.192644e-01, -4.158590e+00, -4.158590e+00, 0.000000, 6.140227e-01, 4.709615e-01, 
748, 1.666232e+00, 4.498555e-01, -3.725896e+00, -3.725896e+00, 0.000000, 6.140227e-01, 4.709615e-01, 
749, 4.722878e-01, 1.436698e+00, -2.356807e+00, -3.237987e+00, 0.000000, 6.140227e-01, 4.709615e-01, 
750, 5.470619e-01, 4.217522e+00, -3.088685e+00, -3.718971e+00, 0.000000, 6.140227e-01, 4.709615e-01, 
751, 4.700016e-01, 1.035392e+00, -2.287080e+00, -2.287080e+00, 0.000000, 6.140227e-01, 4.709615e-01, 
752, 1.851484e-01, 6.341441e-01, -3.259260e+00, -3.259260e+00, 0.000000, 6.140227e-01, 4.709615e-01, 
753, 9.885458e-01, 2.377003e+00, -3.335906e+00, -3.770173e+00, 2.000000, 6.140227e-01, 4.709615e-01, 
754, 8.647365e-01, 3.519685e+01, -7.065082e+00, -7.065082e+00, 0.000000, 6.140227e-01, 4.709615e-01, 
755, 1.752422e+00, 8.684821e-01, -3.753237e+00, -3.753237e+00, 0.000000, 6.140227e-01, 4.709615e-01, 
756, 1.666232e+00, 4.498555e-01, -3.725896e+00, -4.190432e+00, 0.000000, 6.140227e-01, 4.709615e-01, 
757, 4.283631e-01, 1.596522e+00, -2.335975e+00, -2.335975e+00, 0.000000, 6.140227e-01, 4.709615e-01, 
758, 2.302123e-01, 2.040794e+00, -2.474286e+00, -2.474286e+00, 0.000000, 6.140227e-01, 4.709615e-01, 
759, 4.322894e-01, 1.145986e+00, -2.263127e+00, -2.263127e+00, 0.000000, 6.140227e-01, 4.709615e-01, 
760, 1.851484e-01, 6.341441e-01, -3.259260e+00, -3.466599e+00, 0.000000, 6.140227e-01, 4.709615e-01, 
761, 9.885458e-01, 2.377003e+00, -3.335906e+00, -3.700526e+00, 2.000000, 6.140227e-01, 4.709615e-01, 
762, 2.713605e-01, 3.407424e+01, -5.677390e+00, -5.677390e+00, 0.000000, 6.140227e-01, 4.709615e-01, 
763, 1.508889e+00, 7.422737e-01, -3.519355e+00, -3.519355e+00, 0.000000, 6.140227e-01, 4.709615e-01, 
764, 2.080824e+00, 7.120342e-01, -4.010499e+00, -4.010499e+00, 0.000000, 6.140227e-01, 4.709615e-01, 
765, 4.283631e-01, 1.596522e+00, -2.335975e+00, -3.047674e+00, 0.000000, 6.140227e-01, 4.709615e-01, 
766, 1.975421e-01, 2.178611e+00, -2.660368e+00, -2.660368e+00, 0.000000, 6.140227e-01, 4.709615e-01, 
767, 2.432777e-01, 1.271174e+00, -2.437139e+00, -2.437139e+00, 0.000000, 6.140227e-01, 4.709615e-01, 
768, 2.925636e-01, 5.722910e-01, -2.357209e+00, -2.357209e+00, 0.000000, 6.140227e-01, 4.709615e-01, 
769, 5.625414e-01, 2.191040e+00, -2.659820e+00, -2.659820e+00, 2.000000, 6.140227e-01, 4.709615e-01, 
770, 2.713605e-01, 3.407424e+01, -5.677390e+00, -4.695798e+01, 0.000000, 6.140227e-01, 4.709615e-01, 
771, 1.012782e+00, 1.346573e+00, -3.084094e+00, -3.084094e+00, 0.000000, 6.140227e-01, 4.709615e-01, 
772, 3.024545e+00, 4.377329e-01, -4.701188e+00, -4.701188e+00, 0.000000, 6.140227e-01, 4.709615e-01, 
773, 6.774071e-01, 2.836974e+00, -3.004702e+00, -3.004702e+00, 0.000000, 6.140227e-01, 4.709615e-01, 
774, 1.681107e-01, 2.514930e+00, -2.901585e+00, -2.901585e+00, 0.000000, 6.140227e-01, 4.709615e-01, 
775, 2.853978e-01, 4.359115e+00, -2.585502e+00, -2.585502e+00, 0.000000, 6.140227e-01, 4.709615e-01, 
776, 2.910829e-01, 7.433540e-01, -2.308428e+00, -2.308428e+00, 0.000000, 6.140227e-01, 4.709615e-01, 
777, 5.625414e-01, 2.191040e+00, -2.659820e+00, -3.176564e+00, 2.000000, 6.140227e-01, 4.709615e-01, 
778, 3.264651e-01, 1.832397e+01, -5.512585e+00, -5.512585e+00, 0.000000, 6.140227e-01, 4.709615e-01, 
779, 1.012782e+00, 1.346573e+00, -3.084094e+00, -4.474575e+00, 0.000000, 6.140227e-01, 4.709615e-01, 
780, 2.634863e+00, 3.398806e-01, -4.552111e+00, -4.552111e+00, 0.000000, 6.140227e-01, 4.709615e-01, 
781, 6.774071e-01, 2.836974e+00, -3.004702e+00, -4.954363e+00, 0.000000, 6.140227e-01, 4.709615e-01, 
782, 2.506114e-01, 2.473228e+00, -2.419711e+00, -2.419711e+00, 0.000000, 6.140227e-01, 4.709615e-01, 
783, 2.853978e-01, 4.359115e+00, -2.585502e+00, -3.297713e+00, 0.000000, 6.140227e-01, 4.709615e-01, 
784, 4.072211e-01, 6.170327e-01, -2.245827e+00, -2.245827e+00, 0.000000, 6.140227e-01, 4.709615e-01, 
785, 6.339735e-01, 2.072114e+00, -2.742831e+00, -2.742831e+00, 2.000000, 6.140227e-01, 4.709615e-01, 
786, 2.718908e-01, 1.266256e+01, -4.038944e+00, -4.038944e+00, 0.000000, 6.140227e-01, 4.709615e-01, 
787, 1.012782e+00, 1.346573e+00, -3.084094e+00, -3.490605e+00, 0.000000, 6.140227e-01, 4.709615e-01, 
788, 2.634863e+00, 3.398806e-01, -4.552111e+00, -4.978820e+00, 0.000000, 6.140227e-01, 4.709615e-01, 
789, 5.659830e-01, 3.308481e+00, -2.927925e+00, -2.927925e+00, 0.000000, 6.140227e-01, 4.709615e-01, 
790, 2.883941e-01, 3.847801e+00, -2.532582e+00, -2.532582e+00, 0.000000, 6.140227e-01, 4.709615e-01, 
791, 1.801624e-01, 5.078709e+00, -2.486627e+00, -2.486627e+00, 0.000000, 6.140227e-01, 4.709615e-01, 
792, 6.263339e-01, 5.454712e-01, -2.494196e+00, -2.494196e+00, 0.000000, 6.140227e-01, 4.709615e-01, 
793, 5.477854e-01, 2.279170e+00, -2.657489e+00, -2.657489e+00, 2.000000, 6.140227e-01, 4.709615e-01, 
794, 2.969350e-01, 1.197993e+01, -3.916840e+00, -3.916840e+00, 0.000000, 6.140227e-01, 4.709615e-01, 
795, 6.689682e-01, 4.789905e-01, -2.577844e+00, -2.577844e+00, 0.000000, 6.140227e-01, 4.709615e-01, 
796, 2.898397e+00, 5.628934e-01, -4.576458e+00, -4.576458e+00, 0.000000, 6.140227e-01, 4.709615e-01, 
797, 4.385001e-01, 3.372280e+00, -2.710632e+00, -2.710632e+00, 0.000000, 6.140227e-01, 4.709615e-01, 
798, 3.660819e-01, 1.443355e+00, -2.259996e+00, -2.259996e+00, 0.000000, 6.140227e-01, 4.709615e-01, 
799, 1.924745e-01, 4.086095e+00, -2.517769e+00, -2.517769e+00, 0.000000, 6.140227e-01, 4.709615e-01, 
800, 2.010323e+00, 4.236119e-01, -4.031744e+00, -4.031744e+00, 0.000000, 6.140227e-01, 4.709615e-01, 
801, 5.477854e-01, 2.279170e+00, -2.657489e+00, -3.763457e+00, 2.000000, 6.140227e-01, 4.709615e-01, 
802, 2.970198e-01, 9.730109e+00, -3.443305e+00, -3.443305e+00, 0.000000, 6.140227e-01, 4.709615e-01, 
803, 4.713457e-01, 6.202732e-01, -2.289974e+00, -2.289974e+00, 0.000000, 6.140227e-01, 4.709615e-01, 
804, 2.056212e+00, 1.089567e+00, -4.042977e+00, -4.042977e+00, 0.000000, 6.140227e-01, 4.709615e-01, 
805, 3.218415e-01, 2.512111e+00, -2.397609e+00, -2.397609e+00, 0.000000, 6.140227e-01, 4.709615e-01, 
806, 3.660819e-01, 1.443355e+00, -2.259996e+00, -2.657837e+00, 0.000000, 6.140227e-01, 4.709615e-01, 
807, 1.851535e-01, 3.075977e+00, -2.635126e+00, -2.635126e+00, 0.000000, 6.140227e-01, 4.709615e-01, 
808, 2.648773e+00, 6.423525e-01, -4.410259e+00, -4.410259e+00, 0.000000, 6.140227e-01, 4.709615e-01, 
809, 5.477854e-01, 2.279170e+00, -2.657489e+00, -3.825251e+00, 2.000000, 6.140227e-01, 4.709615e-01, 
810, 4.158377e-01, 4.261995e+00, -2.833855e+00, -2.833855e+00, 0.000000, 6.140227e-01, 4.709615e-01, 
811, 4.385851e-01, 2.701476e-01, -2.512166e+00, -2.512166e+00, 0.000000, 6.140227e-01, 4.709615e-01, 
812, 1.313343e+00, 1.197788e+00, -3.394695e+00, -3.394695e+00, 0.000000, 6.140227e-01, 4.709615e-01, 
813, 4.020920e-01, 4.881986e+00, -2.913105e+00, -2.913105e+00, 0.000000, 6.140227e-01, 4.709615e-01, 
814, 7.172600e-01, 1.514018e+00, -2.725556e+00, -2.725556e+00, 0.000000, 6.140227e-01, 4.709615e-01, 
815, 3.010808e-01, 3.227775e+00, -2.474920e+00, -2.474920e+00, 0.000000, 6.140227e-01, 4.709615e-01, 
608, 3.815326e-01, 2.396747e+00, -2.434963e+00, -2.434963e+00, 1.000000, 8.186969e-01, 6.279487e-01, 
609, 1.892993e+00, 3.922417e+00, -4.683371e+00, -4.683371e+00, 1.000000, 8.186969e-01, 6.279487e-01, 
610, 2.815801e-01, 9.895301e+00, -3.428222e+00, -4.120423e+00, 7.000000, 8.186969e-01, 6.279487e-01, 
611, 1.673766e-01, 9.544254e-02, -2.291415e+00, -2.291415e+00, 0.000000, 8.186969e-01, 6.279487e-01, 
612, 2.267390e-01, 8.990609e-01, -2.597206e+00, -2.982710e+00, 1.000000, 8.186969e-01, 6.279487e-01, 
613, 2.550868e-01, 1.757245e+00, -2.384307e+00, -2.647329e+00, 0.000000, 8.186969e-01, 6.279487e-01, 
614, 7.140927e-01, 1.402959e+00, -2.693574e+00, -3.072041e+00, 1.000000, 8.186969e-01, 6.279487e-01, 
615, 3.088143e-01, 1.052003e-01, -2.645348e+00, -5.415848e+00, 0.000000, 8.186969e-01, 6.279487e-01, 
616, 3.815326e-01, 2.396747e+00, -2.434963e+00, -3.881368e+00, 1.000000, 8.186969e-01, 6.279487e-01, 
617, 2.433091e+00, 3.381724e+00, -4.955509e+00, -4.955509e+00, 1.000000, 8.186969e-01, 6.279487e-01, 
618, 2.815801e-01, 9.895301e+00, -3.428222e+00, -3.642737e+00, 7.000000, 8.186969e-01, 6.279487e-01, 
619, 1.673766e-01, 9.544254e-02, -2.291415e+00, -1.035426e+01, 0.000000, 8.186969e-01, 6.279487e-01, 
620, 1.576266e-01, 2.177655e+00, -3.174623e+00, -3.174623e+00, 1.000000, 8.186969e-01, 6.279487e-01, 
621, 3.173683e-01, 2.535482e+00, -2.398287e+00, -2.398287e+00, 0.000000, 8.186969e-01, 6.279487e-01, 
622, 3.868483e-01, 2.702289e+00, -2.497747e+00, -2.497747e+00, 1.000000, 8.186969e-01, 6.279487e-01, 
623, 4.955745e-01, 9.747273e-02, -3.143868e+00, -3.143868e+00, 0.000000, 8.186969e-01, 6.279487e-01, 
624, 2.198799e-01, 1.106904e+00, -2.612726e+00, -2.612726e+00, 1.000000, 8.186969e-01, 6.279487e-01, 
625, 2.939474e+00, 3.508013e+00, -5.311236e+00, -5.311236e+00, 1.000000, 8.186969e-01, 6.279487e-01, 
626, 2.815801e-01, 9.895301e+00, -3.428222e+00, -8.787044e+00, 7.000000, 8.186969e-01, 6.279487e-01, 
627, 3.508500e-01, 1.100825e-01, -2.724632e+00, -2.724632e+00, 0.000000, 8.186969e-01, 6.279487e-01, 
628, 1.576266e-01, 2.177655e+00, -3.174623e+00, -6.851136e+00, 1.000000, 8.186969e-01, 6.279487e-01, 
629, 2.806103e-01, 2.642908e+00, -2.403648e+00, -2.403648e+00, 0.000000, 8.186969e-01, 6.279487e-01, 
630, 2.853476e-01, 1.550780e+00, -2.306612e+00, -2.306612e+00, 1.000000, 8.186969e-01, 6.279487e-01, 
631, 4.955745e-01, 9.747273e-02, -3.143868e+00, -3.482884e+00, 0.000000, 8.186969e-01, 6.279487e-01, 
632, 2.101089e-01, 1.677798e+00, -2.617910e+00, -2.617910e+00, 1.000000, 8.186969e-01, 6.279487e-01, 
633, 3.280457e+00, 3.254065e+00, -5.437727e+00, -5.437727e+00, 1.000000, 8.186969e-01, 6.279487e-01, 
634, 2.815801e-01, 9.895301e+00, -3.428222e+00, -4.952360e+00, 7.000000, 8.186969e-01, 6.279487e-01, 
635, 3.839200e-01, 1.401626e-01, -2.692440e+00, -2.692440e+00, 0.000000, 8.186969e-01, 6.279487e-01, 
636, 1.576266e-01, 2.177655e+00, -3.174623e+00, -7.266813e+00, 1.000000, 8.186969e-01, 6.279487e-01, 
637, 3.563428e-01, 2.300156e+00, -2.391406e+00, -2.391406e+00, 0.000000, 8.186969e-01, 6.279487e-01, 
638, 2.355493e-01, 1.360321e+00, -2.473108e+00, -2.473108e+00, 1.000000, 8.186969e-01, 6.279487e-01, 
639, 4.801506e-01, 6.435645e-02, -3.624973e+00, -3.624973e+00, 0.000000, 8.186969e-01, 6.279487e-01, 
640, 3.366480e-01, 1.149021e+00, -2.227028e+00, -2.227028e+00, 1.000000, 8.186969e-01, 6.279487e-01, 
641, 2.084611e+00, 3.721263e+00, -4.787985e+00, -4.787985e+00, 1.000000, 8.186969e-01, 6.279487e-01, 
642, 2.815801e-01, 9.895301e+00, -3.428222e+00, -9.653228e+00, 7.000000, 8.186969e-01, 6.279487e-01, 
643, 3.811932e-01, 1.639462e-01, -2.639208e+00, -2.639208e+00, 0.000000, 8.186969e-01, 6.279487e-01, 
644, 3.496909e-01, 2.405595e+00, -2.402657e+00, -2.402657e+00, 1.000000, 8.186969e-01, 6.279487e-01, 
645, 1.332212e-01, 4.912179e+00, -2.608163e+00, -2.608163e+00, 0.000000, 8.186969e-01, 6.279487e-01, 
646, 2.244288e-01, 3.130511e+00, -2.482209e+00, -2.482209e+00, 1.000000, 8.186969e-01, 6.279487e-01, 
647, 2.387305e-01, 6.359303e-02, -3.023933e+00, -3.023933e+00, 0.000000, 8.186969e-01, 6.279487e-01, 
648, 3.366480e-01, 1.149021e+00, -2.227028e+00, -2.379748e+00, 1.000000, 8.186969e-01, 6.279487e-01, 
649, 1.391165e+00, 3.066646e+00, -3.994486e+00, -3.994486e+00, 1.000000, 8.186969e-01, 6.279487e-01, 
650, 2.950719e-01, 1.510929e+01, -4.702558e+00, -4.702558e+00, 7.000000, 8.186969e-01, 6.279487e-01, 
651, 3.811932e-01, 1.639462e-01, -2.639208e+00, -3.059963e+00, 0.000000, 8.186969e-01, 6.279487e-01, 
652, 9.842568e-01, 1.805770e+00, -3.171719e+00, -3.171719e+00, 1.000000, 8.186969e-01, 6.279487e-01, 
653, 1.542547e-01, 4.588607e+00, -2.570575e+00, -2.570575e+00, 0.000000, 8.186969e-01, 6.279487e-01, 
654, 2.244288e-01, 3.130511e+00, -2.482209e+00, -3.835528e+00, 1.000000, 8.186969e-01, 6.279487e-01, 
655, 2.387305e-01, 6.359303e-02, -3.023933e+00, -5.288639e+00, 0.000000, 8.186969e-01, 6.279487e-01, 
656, 3.366480e-01, 1.149021e+00, -2.227028e+00, -3.236468e+00, 1.000000, 8.186969e-01, 6.279487e-01, 
657, 1.003021e+00, 4.097424e+00, -3.792715e+00, -3.792715e+00, 1.000000, 8.186969e-01, 6.279487e-01, 
658, 1.123417e+00, 1.874239e+01, -6.197421e+00, -6.197421e+00, 7.000000, 8.186969e-01, 6.279487e-01, 
659, 3.019050e-01, 2.667490e-01, -2.556154e+00, -2.556154e+00, 0.000000, 8.186969e-01, 6.279487e-01, 
660, 9.842568e-01, 1.805770e+00, -3.171719e+00, -5.216810e+00, 1.000000, 8.186969e-01, 6.279487e-01, 
661, 4.231560e-01, 4.302284e+00, -2.856383e+00, -2.856383e+00, 0.000000, 8.186969e-01, 6.279487e-01, 
662, 1.634384e-01, 5.152984e+00, -2.483881e+00, -2.483881e+00, 1.000000, 8.186969e-01, 6.279487e-01, 
663, 2.387305e-01, 6.359303e-02, -3.023933e+00, -9.906945e+00, 0.000000, 8.186969e-01, 6.279487e-01, 
664, 4.014692e-01, 1.112948e+00, -2.234905e+00, -2.234905e+00, 1.000000, 8.186969e-01, 6.279487e-01, 
665, 8.006251e-01, 3.802799e+00, -3.432799e+00, -3.432799e+00, 1.000000, 8.186969e-01, 6.279487e-01, 
666, 6.479988e-01, 3.279427e+01, -6.517244e+00, -6.517244e+00, 7.000000, 8.186969e-01, 6.279487e-01, 
667, 3.019050e-01, 2.667490e-01, -2.556154e+00, -4.814108e+00, 0.000000, 8.186969e-01, 6.279487e-01, 
668, 1.154090e+00, 2.926463e+00, -3.691670e+00, -3.691670e+00, 1.000000, 8.186969e-01, 6.279487e-01, 
669, 2.514619e-01, 7.327267e+00, -2.865109e+00, -2.865109e+00, 0.000000, 8.186969e-01, 6.279487e-01, 
670, 3.858954e-01, 4.223626e+00, -2.765012e+00, -2.765012e+00, 1.000000, 8.186969e-01, 6.279487e-01, 
671, 2.387305e-01, 6.359303e-02, -3.023933e+00, -5.310691e+00, 0.000000, 8.186969e-01, 6.279487e-01, 
672, 3.315854e-01, 1.045768e+00, -2.224432e+00, -2.224432e+00, 1.000000, 8.186969e-01, 6.279487e-01, 
673, 5.590194e-01, 4.314061e+00, -3.131486e+00, -3.131486e+00, 1.000000, 8.186969e-01, 6.279487e-01, 
674, 5.109911e-01, 3.769342e+01, -6.960187e+00, -6.960187e+00, 7.000000, 8.186969e-01, 6.279487e-01, 
675, 3.019050e-01, 2.667490e-01, -2.556154e+00, -3.513192e+00, 0.000000, 8.186969e-01, 6.279487e-01, 
676, 1.154090e+00, 2.926463e+00, -3.691670e+00, -4.394294e+00, 1.000000, 8.186969e-01, 6.279487e-01, 
677, 2.076153e-01, 4.047138e+00, -2.500393e+00, -2.500393e+00, 0.000000, 8.186969e-01, 6.279487e-01, 
678, 3.858954e-01, 4.223626e+00, -2.765012e+00, -3.373631e+00, 1.000000, 8.186969e-01, 6.279487e-01, 
679, 4.723769e-01, 1.089150e-01, -3.001772e+00, -3.001772e+00, 0.000000, 8.186969e-01, 6.279487e-01, 
680, 3.315854e-01, 1.045768e+00, -2.224432e+00, -6.410817e+00, 1.000000, 8.186969e-01, 6.279487e-01, 
681, 3.664691e-01, 3.596654e+00, -2.621882e+00, -2.621882e+00, 1.000000, 8.186969e-01, 6.279487e-01, 
682, 5.109911e-01, 3.769342e+01, -6.960187e+00, -3.000908e+04, 7.000000, 8.186969e-01, 6.279487e-01, 
683, 6.497718e-01, 3.238174e-01, -2.681396e+00, -2.681396e+00, 0.000000, 8.186969e-01, 6.279487e-01, 
684, 1.386524e+00, 2.325918e+00, -3.785935e+00, -3.785935e+00, 1.000000, 8.186969e-01, 6.279487e-01, 
685, 1.918185e-01, 7.155350e+00, -2.616287e+00, -2.616287e+00, 0.000000, 8.186969e-01, 6.279487e-01, 
686, 4.152883e-01, 5.112098e+00, -2.983069e+00, -2.983069e+00, 1.000000, 8.186969e-01, 6.279487e-01, 
687, 3.845433e-01, 1.869679e-01, -2.603948e+00, -2.603948e+00, 0.000000, 8.186969e-01, 6.279487e-01, 
688, 1.927874e-01, 1.370096e+00, -2.847537e+00, -2.847537e+00, 1.000000, 8.186969e-01, 6.279487e-01, 
689, 2.310661e-01, 4.879924e+00, -2.538873e+00, -2.538873e+00, 1.000000, 8.186969e-01, 6.279487e-01, 
690, 1.319626e+00, 6.085112e+01, -9.039006e+00, -9.039006e+00, 7.000000, 8.186969e-01, 6.279487e-01, 
691, 6.497718e-01, 3.238174e-01, -2.681396e+00, -4.106291e+00, 0.000000, 8.186969e-01, 6.279487e-01, 
692, 1.993376e+00, 1.060477e+00, -3.987322e+00, -3.987322e+00, 1.000000, 8.186969e-01, 6.279487e-01, 
693, 3.659209e-01, 7.383362e+00, -3.237255e+00, -3.237255e+00, 0.000000, 8.186969e-01, 6.279487e-01, 
694, 4.152883e-01, 5.112098e+00, -2.983069e+00, -3.393732e+00, 1.000000, 8.186969e-01, 6.279487e-01, 
695, 4.916345e-01, 2.714842e-01, -2.559486e+00, -2.559486e+00, 0.000000, 8.186969e-01, 6.279487e-01, 
696, 1.851769e-01, 1.936193e+00, -2.821651e+00, -2.821651e+00, 1.000000, 8.186969e-01, 6.279487e-01, 
697, 2.310661e-01, 4.879924e+00, -2.538873e+00, -2.640901e+00, 1.000000, 8.186969e-01, 6.279487e-01, 
698, 1.319626e+00, 6.085112e+01, -9.039006e+00, -3.000941e+04, 7.000000, 8.186969e-01, 6.279487e-01, 
699, 6.497718e-01, 3.238174e-01, -2.681396e+00, -7.170839e+00, 0.000000, 8.186969e-01, 6.279487e-01, 
700, 3.530295e+00, 2.446104e+00, -5.345036e+00, -5.345036e+00, 1.000000, 8.186969e-01, 6.279487e-01, 
701, 4.112864e-01, 4.946177e+00, -2.945040e+00, -2.945040e+00, 0.000000, 8.186969e-01, 6.279487e-01, 
702, 4.152883e-01, 5.112098e+00, -2.983069e+00, -3.673130e+00, 1.000000, 8.186969e-01, 6.279487e-01, 
703, 5.338218e-01, 3.139309e-01, -2.546130e+00, -2.546130e+00, 0.000000, 8.186969e-01, 6.279487e-01, 
704, 2.972833e-01, 1.847098e+00, -2.317200e+00, -2.317200e+00, 1.000000, 8.186969e-01, 6.279487e-01, 
705, 3.491485e-01, 5.596454e+00, -2.902675e+00, -2.902675e+00, 1.000000, 8.186969e-01, 6.279487e-01, 
706, 1.571018e+00, 5.548854e+01, -9.250191e+00, -9.250191e+00, 7.000000, 8.186969e-01, 6.279487e-01, 
707, 1.239160e+00, 6.239270e-01, -3.246830e+00, -3.246830e+00, 0.000000, 8.186969e-01, 6.279487e-01, 
708, 3.660466e+00, 6.857005e-01, -4.974237e+00, -4.974237e+00, 1.000000, 8.186969e-01, 6.279487e-01, 
709, 6.131954e-01, 6.090472e+00, -3.585457e+00, -3.585457e+00, 0.000000, 8.186969e-01, 6.279487e-01, 
710, 4.461978e-01, 5.940470e+00, -3.200331e+00, -3.200331e+00, 1.000000, 8.186969e-01, 6.279487e-01, 
711, 8.912040e-01, 8.470191e-01, -2.830122e+00, -2.830122e+00, 0.000000, 8.186969e-01, 6.279487e-01, 
712, 2.972833e-01, 1.847098e+00, -2.317200e+00, -3.769046e+00, 1.000000, 8.186969e-01, 6.279487e-01, 
713, 5.806672e-01, 4.554345e+00, -3.222147e+00, -3.222147e+00, 1.000000, 8.186969e-01, 6.279487e-01, 
714, 2.729096e+00, 5.108610e+01, -9.792792e+00, -9.792792e+00, 7.000000, 8.186969e-01, 6.279487e-01, 
715, 1.186475e+00, 6.229831e-01, -3.188455e+00, -3.188455e+00, 0.000000, 8.186969e-01, 6.279487e-01, 
716, 2.877937e+00, 6.799378e-01, -4.549579e+00, -4.549579e+00, 1.000000, 8.186969e-01, 6.279487e-01, 
717, 9.199276e-01, 4.726738e+00, -3.819528e+00, -3.819528e+00, 0.000000, 8.186969e-01, 6.279487e-01, 
718, 4.461978e-01, 5.940470e+00, -3.200331e+00, -3.589373e+00, 1.000000, 8.186969e-01, 6.279487e-01, 
719, 6.398750e-01, 1.695987e+00, -2.656577e+00, -2.656577e+00, 0.000000, 8.186969e-01, 6.279487e-01, 
720, 9.158678e-01, 1.694447e+00, -3.051270e+00, -3.051270e+00, 1.000000, 8.186969e-01, 6.279487e-01, 
721, 5.806672e-01, 4.554345e+00, -3.222147e+00, -4.260954e+00, 1.000000, 8.186969e-01, 6.279487e-01, 
722, 2.156135e+00, 3.409384e+01, -8.332660e+00, -8.332660e+00, 7.000000, 8.186969e-01, 6.279487e-01, 
723, 4.386474e-01, 5.214556e-01, -2.294147e+00, -2.294147e+00, 0.000000, 8.186969e-01, 6.279487e-01, 
724, 1.397450e+00, 9.314449e-01, -3.427813e+00, -3.427813e+00, 1.000000, 8.186969e-01, 6.279487e-01, 
725, 4.815758e-01, 4.027439e+00, -2.922545e+00, -2.922545e+00, 0.000000, 8.186969e-01, 6.279487e-01, 
726, 4.461978e-01, 5.940470e+00, -3.200331e+00, -6.183365e+00, 1.000000, 8.186969e-01, 6.279487e-01, 
727, 6.398750e-01, 1.695987e+00, -2.656577e+00, -4.169539e+00, 0.000000, 8.186969e-01, 6.279487e-01, 
728, 1.083598e+00, 6.253458e-01, -3.069439e+00, -3.069439e+00, 1.000000, 8.186969e-01, 6.279487e-01, 
729, 1.067639e+00, 2.533137e+00, -3.479788e+00, -3.479788e+00, 1.000000, 8.186969e-01, 6.279487e-01, 
730, 8.615550e-01, 2.440647e+01, -6.459235e+00, -6.459235e+00, 7.000000, 8.186969e-01, 6.279487e-01, 
731, 4.386474e-01, 5.214556e-01, -2.294147e+00, -2.687805e+00, 0.000000, 8.186969e-01, 6.279487e-01, 
732, 1.158107e+00, 7.851268e-01, -3.152392e+00, -3.152392e+00, 1.000000, 8.186969e-01, 6.279487e-01, 
733, 4.815758e-01, 4.027439e+00, -2.922545e+00, -5.094045e+00, 0.000000, 8.186969e-01, 6.279487e-01, 
734, 3.810311e-01, 4.870080e+00, -2.863172e+00, -2.863172e+00, 1.000000, 8.186969e-01, 6.279487e-01, 
735, 3.768681e-01, 1.656226e+00, -2.299125e+00, -2.299125e+00, 0.000000, 8.186969e-01, 6.279487e-01, 
736, 8.966545e-01, 4.624680e-01, -2.888629e+00, -2.888629e+00, 1.000000, 8.186969e-01, 6.279487e-01, 
737, 9.614492e-01, 2.907829e+00, -3.442441e+00, -3.442441e+00, 1.000000, 8.186969e-01, 6.279487e-01, 
738, 5.336240e-01, 3.135083e+01, -6.245755e+00, -6.245755e+00, 7.000000, 8.186969e-01, 6.279487e-01, 
739, 8.885366e-01, 4.620724e-01, -2.878399e+00, -2.878399e+00, 0.000000, 8.186969e-01, 6.279487e-01, 
740, 1.158107e+00, 7.851268e-01, -3.152392e+00, -3.601577e+00, 1.000000, 8.186969e-01, 6.279487e-01, 
741, 4.722878e-01, 1.436698e+00, -2.356807e+00, -2.356807e+00, 0.000000, 8.186969e-01, 6.279487e-01, 
742, 5.470619e-01, 4.217522e+00, -3.088685e+00, -3.088685e+00, 1.000000, 8.186969e-01, 6.279487e-01, 
743, 2.604996e-01, 1.135246e+00, -2.367286e+00, -2.367286e+00, 0.000000, 8.186969e-01, 6.279487e-01, 
744, 3.156400e-01, 5.332299e-01, -2.321676e+00, -2.321676e+00, 1.000000, 8.186969e-01, 6.279487e-01, 
745, 9.885458e-01, 2.377003e+00, -3.335906e+00, -3.335906e+00, 1.000000, 8.186969e-01, 6.279487e-01, 
746, 8.207579e-01, 3.472270e+01, -6.955700e+00, -6.955700e+00, 7.000000, 8.186969e-01, 6.279487e-01, 
747, 2.272586e+00, 8.192644e-01, -4.158590e+00, -4.158590e+00, 0.000000, 8.186969e-01, 6.279487e-01, 
748, 1.666232e+00, 4.498555e-01, -3.725896e+00, -3.725896e+00, 1.000000, 8.186969e-01, 6.279487e-01, 
749, 4.722878e-01, 1.436698e+00, -2.356807e+00, -3.237987e+00, 0.000000, 8.186969e-01, 6.279487e-01, 
750, 5.470619e-01, 4.217522e+00, -3.088685e+00, -3.718971e+00, 1.000000, 8.186969e-01, 6.279487e-01, 
751, 4.700016e-01, 1.035392e+00, -2.287080e+00, -2.287080e+00, 0.000000, 8.186969e-01, 6.279487e-01, 
752, 1.851484e-01, 6.341441e-01, -3.259260e+00, -3.259260e+00, 1.000000, 8.186969e-01, 6.279487e-01, 
753, 9.885458e-01, 2.377003e+00, -3.335906e+00, -3.770173e+00, 1.000000, 8.186969e-01, 6.279487e-01, 
754, 8.647365e-01, 3.519685e+01, -7.065082e+00, -7.065082e+00, 7.000000, 8.186969e-01, 6.279487e-01, 
755, 1.752422e+00, 8.684821e-01, -3.753237e+00, -3.753237e+00, 0.000000, 8.186969e-01, 6.279487e-01, 
756, 1.666232e+00, 4.498555e-01, -3.725896e+00, -4.190432e+00, 1.000000, 8.186969e-01, 6.279487e-01, 
757, 4.283631e-01, 1.596522e+00, -2.335975e+00, -2.335975e+00, 0.000000, 8.186969e-01, 6.279487e-01, 
758, 2.302123e-01, 2.040794e+00, -2.474286e+00, -2.474286e+00, 1.000000, 8.186969e-01, 6.279487e-01, 
759, 4.322894e-01, 1.145986e+00, -2.263127e+00, -2.263127e+00, 0.000000, 8.186969e-01, 6.279487e-01, 
760, 1.851484e-01, 6.341441e-01, -3.259260e+00, -3.466599e+00, 1.000000, 8.186969e-01, 6.279487e-01, 
761, 9.885458e-01, 2.377003e+00, -3.335906e+00, -3.700526e+00, 1.000000, 8.186969e-01, 6.279487e-01, 
762, 2.713605e-01, 3.407424e+01, -5.677390e+00, -5.677390e+00, 7.000000, 8.186969e-01, 6.279487e-01, 
763, 1.508889e+00, 7.422737e-01, -3.519355e+00, -3.519355e+00, 0.000000, 8.186969e-01, 6.279487e-01, 
764, 2.080824e+00, 7.120342e-01, -4.010499e+00, -4.010499e+00, 1.000000, 8.186969e-01, 6.279487e-01, 
765, 4.283631e-01, 1.596522e+00, -2.335975e+00, -3.047674e+00, 0.000000, 8.186969e-01, 6.279487e-01, 
766, 1.975421e-01, 2.178611e+00, -2.660368e+00, -2.660368e+00, 1.000000, 8.186969e-01, 6.279487e-01, 
767, 2.432777e-01, 1.271174e+00, -2.437139e+00, -2.437139e+00, 0.000000, 8.186969e-01, 6.279487e-01, 
768, 2.925636e-01, 5.722910e-01, -2.357209e+00, -2.357209e+00, 1.000000, 8.186969e-01, 6.279487e-01, 
769, 5.625414e-01, 2.191040e+00, -2.659820e+00, -2.659820e+00, 1.000000, 8.186969e-01, 6.279487e-01, 
770, 2.713605e-01, 3.407424e+01, -5.677390e+00, -4.695798e+01, 7.000000, 8.186969e-01, 6.279487e-01, 
771, 1.012782e+00, 1.346573e+00, -3.084094e+00, -3.084094e+00, 0.000000, 8.186969e-01, 6.279487e-01, 
772, 3.024545e+00, 4.377329e-01, -4.701188e+00, -4.701188e+00, 1.000000, 8.186969e-01, 6.279487e-01, 
773, 6.774071e-01, 2.836974e+00, -3.004702e+00, -3.004702e+00, 0.000000, 8.186969e-01, 6.279487e-01, 
774, 1.681107e-01, 2.514930e+00, -2.901585e+00, -2.901585e+00, 1.000000, 8.186969e-01, 6.279487e-01, 
775, 2.853978e-01, 4.359115e+00, -2.585502e+00, -2.585502e+00, 0.000000, 8.186969e-01, 6.279487e-01, 
776, 2.910829e-01, 7.433540e-01, -2.308428e+00, -2.308428e+00, 1.000000, 8.186969e-01, 6.279487e-01, 
777, 5.625414e-01, 2.191040e+00, -2.659820e+00, -3.176564e+00, 1.000000, 8.186969e-01, 6.279487e-01, 
778, 3.264651e-01, 1.832397e+01, -5.512585e+00, -5.512585e+00, 7.000000, 8.186969e-01, 6.279487e-01, 
779, 1.012782e+00, 1.346573e+00, -3.084094e+00, -4.474575e+00, 0.000000, 8.186969e-01, 6.279487e-01, 
780, 2.634863e+00, 3.398806e-01, -4.552111e+00, -4.552111e+00, 1.000000, 8.186969e-01, 6.279487e-01, 
781, 6.774071e-01, 2.836974e+00, -3.004702e+00, -4.954363e+00, 0.000000, 8.186969e-01, 6.279487e-01, 
782, 2.506114e-01, 2.473228e+00, -2.419711e+00, -2.419711e+00, 1.000000, 8.186969e-01, 6.279487e-01, 
783, 2.853978e-01, 4.359115e+00, -2.585502e+00, -3.297713e+00, 0.000000, 8.186969e-01, 6.279487e-01, 
784, 4.072211e-01, 6.170327e-01, -2.245827e+00, -2.245827e+00, 1.000000, 8.186969e-01, 6.279487e-01, 
785, 6.339735e-01, 2.072114e+00, -2.742831e+00, -2.742831e+00, 1.000000, 8.186969e-01, 6.279487e-01, 
786, 2.718908e-01, 1.266256e+01, -4.038944e+00, -4.038944e+00, 7.000000, 8.186969e-01, 6.279487e-01, 
787, 1.012782e+00, 1.346573e+00, -3.084094e+00, -3.490605e+00, 0.000000, 8.186969e-01, 6.279487e-01, 
788, 2.634863e+00, 3.398806e-01, -4.552111e+00, -4.978820e+00, 1.000000, 8.186969e-01, 6.279487e-01, 
789, 5.659830e-01, 3.308481e+00, -2.927925e+00, -2.927925e+00, 0.000000, 8.186969e-01, 6.279487e-01, 
790, 2.883941e-01, 3.847801e+00, -2.532582e+00, -2.532582e+00, 1.000000, 8.186969e-01, 6.279487e-01, 
791, 1.801624e-01, 5.078709e+00, -2.486627e+00, -2.486627e+00, 0.000000, 8.186969e-01, 6.279487e-01, 
792, 6.263339e-01, 5.454712e-01, -2.494196e+00, -2.494196e+00, 1.000000, 8.186969e-01, 6.279487e-01, 
793, 5.477854e-01, 2.279170e+00, -2.657489e+00, -2.657489e+00, 1.000000, 8.186969e-01, 6.279487e-01, 
794, 2.969350e-01, 1.197993e+01, -3.916840e+00, -3.916840e+00, 7.000000, 8.186969e-01, 6.279487e-01, 
795, 6.689682e-01, 4.789905e-01, -2.577844e+00, -2.577844e+00, 0.000000, 8.186969e-01, 6.279487e-01, 
796, 2.898397e+00, 5.628934e-01, -4.576458e+00, -4.576458e+00, 1.000000, 8.186969e-01, 6.279487e-01, 
797, 4.385001e-01, 3.372280e+00, -2.710632e+00, -2.710632e+00, 0.000000, 8.186969e-01, 6.279487e-01, 
798, 3.660819e-01, 1.443355e+00, -2.259996e+00, -2.259996e+00, 1.000000, 8.186969e-01, 6.279487e-01, 
799, 1.924745e-01, 4.086095e+00, -2.517769e+00, -2.517769e+00, 0.000000, 8.186969e-01, 6.279487e-01, 
800, 2.010323e+00, 4.236119e-01, -4.031744e+00, -4.031744e+00, 1.000000, 8.186969e-01, 6.279487e-01, 
801, 5.477854e-01, 2.279170e+00, -2.657489e+00, -3.763457e+00, 1.000000, 8.186969e-01, 6.279487e-01, 
802, 2.970198e-01, 9.730109e+00, -3.443305e+00, -3.443305e+00, 7.000000, 8.186969e-01, 6.279487e-01, 
803, 4.713457e-01, 6.202732e-01, -2.289974e+00, -2.289974e+00, 0.000000, 8.186969e-01, 6.279487e-01, 
804, 2.056212e+00, 1.089567e+00, -4.042977e+00, -4.042977e+00, 1.000000, 8.186969e-01, 6.279487e-01, 
805, 3.218415e-01, 2.512111e+00, -2.397609e+00, -2.397609e+00, 0.000000, 8.186969e-01, 6.279487e-01, 
806, 3.660819e-01, 1.443355e+00, -2.259996e+00, -2.657837e+00, 1.000000, 8.186969e-01, 6.279487e-01, 
807, 1.851535e-01, 3.075977e+00, -2.635126e+00, -2.635126e+00, 0.000000, 8.186969e-01, 6.279487e-01, 
808, 2.648773e+00, 6.423525e-01, -4.410259e+00, -4.410259e+00, 1.000000, 8.186969e-01, 6.279487e-01, 
809, 5.477854e-01, 2.279170e+00, -2.657489e+00, -3.825251e+00, 1.000000, 8.186969e-01, 6.279487e-01, 
810, 4.158377e-01, 4.261995e+00, -2.833855e+00, -2.833855e+00, 7.000000, 8.186969e-01, 6.279487e-01, 
811, 4.385851e-01, 2.701476e-01, -2.512166e+00, -2.512166e+00, 0.000000, 8.186969e-01, 6.279487e-01, 
812, 1.313343e+00, 1.197788e+00, -3.394695e+00, -3.394695e+00, 1.000000, 8.186969e-01, 6.279487e-01, 
813, 4.020920e-01, 4.881986e+00, -2.913105e+00, -2.913105e+00, 0.000000, 8.186969e-01, 6.279487e-01, 
814, 7.172600e-01, 1.514018e+00, -2.725556e+00, -2.725556e+00, 1.000000, 8.186969e-01, 6.279487e-01, 
815, 3.010808e-01, 3.227775e+00, -2.474920e+00, -2.474920e+00, 0.000000, 8.186969e-01, 6.279487e-01, 
816, 2.244255e+00, 6.852795e-01, -4.132783e+00, -4.132783e+00, 1.000000, 8.186969e-01, 6.279487e-01, 
817, 1.797754e+00, 2.127808e+00, -4.119035e+00, -4.119035e+00, 1.000000, 8.186969e-01, 6.279487e-01, 
818, 1.779362e-01, 2.027297e+00, -2.892344e+00, -2.892344e+00, 7.000000, 8.186969e-01, 6.279487e-01, 
819, 4.385851e-01, 2.701476e-01, -2.512166e+00, -3.340081e+00, 0.000000, 8.186969e-01, 6.279487e-01, 
820, 6.902290e-01, 3.161936e-01, -2.745837e+00, -2.745837e+00, 1.000000, 8.186969e-01, 6.279487e-01, 
821, 6.908639e-01, 1.766991e+00, -2.751261e+00, -2.751261e+00, 0.000000, 8.186969e-01, 6.279487e-01, 
822, 5.637863e-01, 9.021588e-01, -2.388351e+00, -2.388351e+00, 1.000000, 8.186969e-01, 6.279487e-01, 
823, 1.754421e-01, 4.458613e+00, -2.524523e+00, -2.524523e+00, 0.000000, 8.186969e-01, 6.279487e-01, 
824, 6.327422e-01, 4.160489e-01, -2.568135e+00, -2.568135e+00, 1.000000, 8.186969e-01, 6.279487e-01, 
825, 1.797754e+00, 2.127808e+00, -4.119035e+00, -5.971072e+00, 1.000000, 8.186969e-01, 6.279487e-01, 
826, 1.779362e-01, 2.027297e+00, -2.892344e+00, -1.439771e+01, 7.000000, 8.186969e-01, 6.279487e-01, 
827, 3.341426e-01, 3.809917e-01, -2.394546e+00, -2.394546e+00, 0.000000, 8.186969e-01, 6.279487e-01, 
828, 3.807444e-01, 3.265499e-01, -2.419295e+00, -2.419295e+00, 1.000000, 8.186969e-01, 6.279487e-01, 
829, 2.131611e-01, 1.762806e+00, -2.586038e+00, -2.586038e+00, 0.000000, 8.186969e-01, 6.279487e-01, 
830, 3.566071e-01, 2.346286e+00, -2.399310e+00, -2.399310e+00, 1.000000, 8.186969e-01, 6.279487e-01, 
831, 1.754421e-01, 4.458613e+00, -2.524523e+00, -4.064449e+00, 0.000000, 8.186969e-01, 6.279487e-01, 
832, 3.075634e-01, 1.334606e+00, -2.261700e+00, -2.261700e+00, 1.000000, 8.186969e-01, 6.279487e-01, 
833, 3.867147e-01, 1.735845e+00, -2.320444e+00, -2.320444e+00, 1.000000, 8.186969e-01, 6.279487e-01, 
834, 2.676965e-01, 1.621491e+00, -2.346029e+00, -2.346029e+00, 7.000000, 8.186969e-01, 6.279487e-01, 
835, 3.716273e-01, 4.982407e-01, -2.286737e+00, -2.286737e+00, 0.000000, 8.186969e-01, 6.279487e-01, 
836, 3.807444e-01, 3.265499e-01, -2.419295e+00, -3.754268e+00, 1.000000, 8.186969e-01, 6.279487e-01, 
837, 2.131611e-01, 1.762806e+00, -2.586038e+00, -4.290141e+00, 0.000000, 8.186969e-01, 6.279487e-01, 
838, 1.210356e+00, 1.373514e+00, -3.326034e+00, -3.326034e+00, 1.000000, 8.186969e-01, 6.279487e-01, 
839, 2.691160e-01, 4.804087e+00, -2.603173e+00, -2.603173e+00, 0.000000, 8.186969e-01, 6.279487e-01, 
840, 3.075634e-01, 1.334606e+00, -2.261700e+00, -6.212547e+00, 1.000000, 8.186969e-01, 6.279487e-01, 
841, 3.867147e-01, 1.735845e+00, -2.320444e+00, -8.120765e+00, 1.000000, 8.186969e-01, 6.279487e-01, 
842, 2.676965e-01, 1.621491e+00, -2.346029e+00, -6.419313e+00, 7.000000, 8.186969e-01, 6.279487e-01, 
843, 3.716273e-01, 4.982407e-01, -2.286737e+00, -3.572122e+00, 0.000000, 8.186969e-01, 6.279487e-01, 
844, 3.807444e-01, 3.265499e-01, -2.419295e+00, -4.219459e+00, 1.000000, 8.186969e-01, 6.279487e-01, 
845, 2.131611e-01, 1.762806e+00, -2.586038e+00, -7.310488e+00, 0.000000, 8.186969e-01, 6.279487e-01, 
846, 1.189814e+00, 1.858420e+00, -3.437010e+00, -3.437010e+00, 1.000000, 8.186969e-01, 6.279487e-01, 
847, 9.980372e-02, 8.556498e+00, -2.374080e+00, -2.374080e+00, 0.000000, 8.186969e-01, 6.279487e-01, 
848, 4.834328e-01, 6.954873e-01, -2.290347e+00, -2.290347e+00, 1.000000, 8.186969e-01, 6.279487e-01, 
849, 3.867147e-01, 1.735845e+00, -2.320444e+00, -9.072118e+00, 1.000000, 8.186969e-01, 6.279487e-01, 
850, 2.962791e-01, 1.574507e+00, -2.293092e+00, -2.293092e+00, 7.000000, 8.186969e-01, 6.279487e-01, 
851, 2.203350e-01, 8.405217e-01, -2.669892e+00, -2.669892e+00, 0.000000, 8.186969e-01, 6.279487e-01, 
852, 4.510682e-01, 5.232566e-01, -2.302325e+00, -2.302325e+00, 1.000000, 8.186969e-01, 6.279487e-01, 
853, 2.131611e-01, 1.762806e+00, -2.586038e+00, -2.689825e+00, 0.000000, 8.186969e-01, 6.279487e-01, 
854, 5.910864e-01, 3.678417e+00, -3.055189e+00, -3.055189e+00, 1.000000, 8.186969e-01, 6.279487e-01, 
855, 9.980372e-02, 8.556498e+00, -2.374080e+00, -9.098293e+00, 0.000000, 8.186969e-01, 6.279487e-01, 
856, 4.834328e-01, 6.954873e-01, -2.290347e+00, -3.024213e+00, 1.000000, 8.186969e-01, 6.279487e-01, 
857, 3.867147e-01, 1.735845e+00, -2.320444e+00, -6.496906e+00, 1.000000, 8.186969e-01, 6.279487e-01, 
858, 3.869711e-01, 1.744131e+00, -2.322128e+00, -2.322128e+00, 7.000000, 8.186969e-01, 6.279487e-01, 
859, 2.203350e-01, 8.405217e-01, -2.669892e+00, -6.350048e+00, 0.000000, 8.186969e-01, 6.279487e-01, 
860, 6.446175e-01, 5.211273e-01, -2.526974e+00, -2.526974e+00, 1.000000, 8.186969e-01, 6.279487e-01, 
861, 7.240360e-01, 1.981692e+00, -2.857101e+00, -2.857101e+00, 0.000000, 8.186969e-01, 6.279487e-01, 
862, 2.553028e-01, 2.326719e+00, -2.404920e+00, -2.404920e+00, 1.000000, 8.186969e-01, 6.279487e-01, 
863, 9.980372e-02, 8.556498e+00, -2.374080e+00, -1.102659e+01, 0.000000, 8.186969e-01, 6.279487e-01, 
864, 2.229167e+00, 8.652494e-01, -4.132402e+00, -4.132402e+00, 1.000000, 8.186969e-01, 6.279487e-01, 
865, 2.235522e-01, 1.441063e+00, -2.541782e+00, -2.541782e+00, 1.000000, 8.186969e-01, 6.279487e-01, 
866, 3.869711e-01, 1.744131e+00, -2.322128e+00, -3.107277e+00, 7.000000, 8.186969e-01, 6.279487e-01, 
867, 2.203350e-01, 8.405217e-01, -2.669892e+00, -3.792423e+00, 0.000000, 8.186969e-01, 6.279487e-01, 
868, 6.446175e-01, 5.211273e-01, -2.526974e+00, -2.859275e+00, 1.000000, 8.186969e-01, 6.279487e-01, 
869, 7.240360e-01, 1.981692e+00, -2.857101e+00, -3.858633e+00, 0.000000, 8.186969e-01, 6.279487e-01, 
870, 1.273791e-01, 3.170178e+00, -3.402307e+00, -3.402307e+00, 1.000000, 8.186969e-01, 6.279487e-01, 
871, 1.433729e-01, 5.028021e+00, -2.535672e+00, -2.535672e+00, 0.000000, 8.186969e-01, 6.279487e-01, 
872, 2.229167e+00, 8.652494e-01, -4.132402e+00, -4.738604e+00, 1.000000, 8.186969e-01, 6.279487e-01, 
873, 2.235522e-01, 1.441063e+00, -2.541782e+00, -6.874134e+00, 1.000000, 8.186969e-01, 6.279487e-01, 
874, 2.545405e-01, 1.137803e+00, -2.391856e+00, -2.391856e+00, 7.000000, 8.186969e-01, 6.279487e-01, 
875, 6.535803e-01, 1.140915e+00, -2.548563e+00, -2.548563e+00, 0.000000, 8.186969e-01, 6.279487e-01, 
876, 1.152091e+00, 2.022642e-01, -3.580130e+00, -3.580130e+00, 1.000000, 8.186969e-01, 6.279487e-01, 
877, 7.240360e-01, 1.981692e+00, -2.857101e+00, -5.434245e+00, 0.000000, 8.186969e-01, 6.279487e-01, 
878, 1.273791e-01, 3.170178e+00, -3.402307e+00, -6.761329e+01, 1.000000, 8.186969e-01, 6.279487e-01, 
879, 1.433729e-01, 5.028021e+00, -2.535672e+00, -5.635440e+00, 0.000000, 8.186969e-01, 6.279487e-01, 
880, 1.892066e+00, 1.432099e-01, -4.576295e+00, -4.576295e+00, 1.000000, 8.186969e-01, 6.279487e-01, 
881, 2.235522e-01, 1.441063e+00, -2.541782e+00, -1.336205e+01, 1.000000, 8.186969e-01, 6.279487e-01, 
882, 2.545405e-01, 1.137803e+00, -2.391856e+00, -3.179271e+00, 7.000000, 8.186969e-01, 6.279487e-01, 
883, 6.535803e-01, 1.140915e+00, -2.548563e+00, -2.890674e+00, 0.000000, 8.186969e-01, 6.279487e-01, 
884, 1.152091e+00, 2.022642e-01, -3.580130e+00, -4.614798e+00, 1.000000, 8.186969e-01, 6.279487e-01, 
885, 7.240360e-01, 1.981692e+00, -2.857101e+00, -3.469340e+00, 0.000000, 8.186969e-01, 6.279487e-01, 
886, 1.148037e-01, 1.712580e+00, -5.109139e+00, -5.109139e+00, 1.000000, 8.186969e-01, 6.279487e-01, 
887, 1.433729e-01, 5.028021e+00, -2.535672e+00, -3.617251e+00, 0.000000, 8.186969e-01, 6.279487e-01, 
888, 5.379785e-01, 2.258690e-01, -2.698347e+00, -2.698347e+00, 1.000000, 8.186969e-01, 6.279487e-01, 
889, 2.235522e-01, 1.441063e+00, -2.541782e+00, -1.878399e+01, 1.000000, 8.186969e-01, 6.279487e-01, 
890, 2.545405e-01, 1.137803e+00, -2.391856e+00, -3.353113e+00, 7.000000, 8.186969e-01, 6.279487e-01, 
891, 6.535803e-01, 1.140915e+00, -2.548563e+00, -6.241307e+00, 0.000000, 8.186969e-01, 6.279487e-01, 
892, 1.152091e+00, 2.022642e-01, -3.580130e+00, -4.909524e+00, 1.000000, 8.186969e-01, 6.279487e-01, 
893, 8.752495e-01, 1.862276e+00, -3.042132e+00, -3.042132e+00, 0.000000, 8.186969e-01, 6.279487e-01, 
894, 2.423551e-01, 2.196116e+00, -2.430755e+00, -2.430755e+00, 1.000000, 8.186969e-01, 6.279487e-01, 
895, 1.433729e-01, 5.028021e+00, -2.535672e+00, -2.066468e+01, 0.000000, 8.186969e-01, 6.279487e-01, 
896, 2.644843e-01, 1.305814e-01, -2.556952e+00, -2.556952e+00, 1.000000, 8.186969e-01, 6.279487e-01, 
897, 3.427891e-01, 1.153797e+00, -2.225213e+00, -2.225213e+00, 1.000000, 8.186969e-01, 6.279487e-01, 
898, 2.545405e-01, 1.137803e+00, -2.391856e+00, -5.812618e+01, 7.000000, 8.186969e-01, 6.279487e-01, 
899, 6.535803e-01, 1.140915e+00, -2.548563e+00, -3.847535e+00, 0.000000, 8.186969e-01, 6.279487e-01, 
900, 6.378029e-01, 1.142081e-01, -3.288113e+00, -3.288113e+00, 1.000000, 8.186969e-01, 6.279487e-01, 
901, 3.228698e-01, 2.718327e+00, -2.427077e+00, -2.427077e+00, 0.000000, 8.186969e-01, 6.279487e-01, 
902, 1.733858e-01, 7.620517e-01, -3.429652e+00, -3.429652e+00, 1.000000, 8.186969e-01, 6.279487e-01, 
903, 1.433729e-01, 5.028021e+00, -2.535672e+00, -4.130399e+01, 0.000000, 8.186969e-01, 6.279487e-01, 
904, 1.116560e-01, 8.379829e-02, -2.017558e+00, -2.017558e+00, 1.000000, 8.186969e-01, 6.279487e-01, 
905, 3.427891e-01, 1.153797e+00, -2.225213e+00, -2.907267e+00, 1.000000, 8.186969e-01, 6.279487e-01, 
906, 3.453088e-01, 2.903709e+00, -2.477526e+00, -2.477526e+00, 7.000000, 8.186969e-01, 6.279487e-01, 
907, 4.496780e-01, 1.246670e+00, -2.295706e+00, -2.295706e+00, 0.000000, 8.186969e-01, 6.279487e-01, 
908, 1.806131e-01, 1.391396e-01, -2.787804e+00, -2.787804e+00, 1.000000, 8.186969e-01, 6.279487e-01, 
909, 3.510593e-01, 1.257406e+00, -2.233543e+00, -2.233543e+00, 0.000000, 8.186969e-01, 6.279487e-01, 
910, 1.733858e-01, 7.620517e-01, -3.429652e+00, -4.513502e+00, 1.000000, 8.186969e-01, 6.279487e-01, 
911, 2.523832e-01, 2.474838e+00, -2.416739e+00, -2.416739e+00, 0.000000, 8.186969e-01, 6.279487e-01, 
912, 1.762772e-01, 1.640578e-01, -3.110339e+00, -3.110339e+00, 1.000000, 8.186969e-01, 6.279487e-01, 
913, 1.284070e+00, 7.139666e-01, -3.289961e+00, -3.289961e+00, 1.000000, 8.186969e-01, 6.279487e-01, 
914, 8.346844e-01, 5.662650e+00, -3.887390e+00, -3.887390e+00, 7.000000, 8.186969e-01, 6.279487e-01, 
915, 4.496780e-01, 1.246670e+00, -2.295706e+00, -3.779589e+00, 0.000000, 8.186969e-01, 6.279487e-01, 
916, 1.806131e-01, 1.391396e-01, -2.787804e+00, -3.277068e+00, 1.000000, 8.186969e-01, 6.279487e-01, 
917, 9.930718e-01, 2.499011e+00, -3.375178e+00, -3.375178e+00, 0.000000, 8.186969e-01, 6.279487e-01, 
918, 4.289522e-01, 7.818102e-01, -2.236179e+00, -2.236179e+00, 1.000000, 8.186969e-01, 6.279487e-01, 
919, 2.523832e-01, 2.474838e+00, -2.416739e+00, -6.327962e+00, 0.000000, 8.186969e-01, 6.279487e-01, 
920, 3.082441e-01, 1.840672e-01, -2.590458e+00, -2.590458e+00, 1.000000, 8.186969e-01, 6.279487e-01, 
921, 1.284070e+00, 7.139666e-01, -3.289961e+00, -6.246151e+00, 1.000000, 8.186969e-01, 6.279487e-01, 
922, 5.362672e-01, 8.500320e+00, -3.851640e+00, -3.851640e+00, 7.000000, 8.186969e-01, 6.279487e-01, 
923, 4.496780e-01, 1.246670e+00, -2.295706e+00, -3.907375e+00, 0.000000, 8.186969e-01, 6.279487e-01, 
924, 1.054651e-01, 8.592211e-02, -2.014790e+00, -2.014790e+00, 1.000000, 8.186969e-01, 6.279487e-01, 
925, 6.299755e-01, 2.650571e+00, -2.881614e+00, -2.881614e+00, 0.000000, 8.186969e-01, 6.279487e-01, 
926, 4.289522e-01, 7.818102e-01, -2.236179e+00, -4.530246e+00, 1.000000, 8.186969e-01, 6.279487e-01, 
927, 2.311570e-01, 2.507582e+00, -2.465935e+00, -2.465935e+00, 0.000000, 8.186969e-01, 6.279487e-01, 
928, 1.385528e+00, 2.150609e-01, -3.795102e+00, -3.795102e+00, 1.000000, 8.186969e-01, 6.279487e-01, 
929, 3.978516e-01, 5.754837e-01, -2.254749e+00, -2.254749e+00, 1.000000, 8.186969e-01, 6.279487e-01, 
930, 2.146704e-01, 9.765132e+00, -3.180831e+00, -3.180831e+00, 7.000000, 8.186969e-01, 6.279487e-01, 
931, 4.496780e-01, 1.246670e+00, -2.295706e+00, -3.479244e+00, 0.000000, 8.186969e-01, 6.279487e-01, 
932, 1.054651e-01, 8.592211e-02, -2.014790e+00, -6.386955e+00, 1.000000, 8.186969e-01, 6.279487e-01, 
933, 5.472611e-01, 2.222906e+00, -2.643194e+00, -2.643194e+00, 0.000000, 8.186969e-01, 6.279487e-01, 
934, 7.761026e-01, 1.698260e+00, -2.858386e+00, -2.858386e+00, 1.000000, 8.186969e-01, 6.279487e-01, 
935, 1.645588e-01, 3.597728e+00, -2.691762e+00, -2.691762e+00, 0.000000, 8.186969e-01, 6.279487e-01, 
936, 1.385528e+00, 2.150609e-01, -3.795102e+00, -5.217679e+00, 1.000000, 8.186969e-01, 6.279487e-01, 
937, 3.978516e-01, 5.754837e-01, -2.254749e+00, -3.509832e+00, 1.000000, 8.186969e-01, 6.279487e-01, 
938, 1.021197e-01, 1.008453e+01, -3.018867e+00, -3.018867e+00, 7.000000, 8.186969e-01, 6.279487e-01, 
939, 4.496780e-01, 1.246670e+00, -2.295706e+00, -3.091149e+00, 0.000000, 8.186969e-01, 6.279487e-01, 
940, 1.406104e-01, 1.263442e-01, -2.946301e+00, -2.946301e+00, 1.000000, 8.186969e-01, 6.279487e-01, 
941, 1.511089e-01, 3.991901e+00, -2.710461e+00, -2.710461e+00, 0.000000, 8.186969e-01, 6.279487e-01, 
942, 7.761026e-01, 1.698260e+00, -2.858386e+00, -3.389282e+00, 1.000000, 8.186969e-01, 6.279487e-01, 
943, 2.044382e-01, 3.888060e+00, -2.506473e+00, -2.506473e+00, 0.000000, 8.186969e-01, 6.279487e-01, 
944, 1.178381e+00, 2.796857e-01, -3.419354e+00, -3.419354e+00, 1.000000, 8.186969e-01, 6.279487e-01, 
945, 2.496028e-01, 3.313656e-01, -2.718515e+00, -2.718515e+00, 1.000000, 8.186969e-01, 6.279487e-01, 
946, 1.021197e-01, 1.008453e+01, -3.018867e+00, -5.671993e+00, 7.000000, 8.186969e-01, 6.279487e-01, 
947, 3.465594e-01, 1.461778e+00, -2.257593e+00, -2.257593e+00, 0.000000, 8.186969e-01, 6.279487e-01, 
948, 1.406104e-01, 1.263442e-01, -2.946301e+00, -4.250330e+00, 1.000000, 8.186969e-01, 6.279487e-01, 
949, 2.785892e-01, 2.297847e+00, -2.373743e+00, -2.373743e+00, 0.000000, 8.186969e-01, 6.279487e-01, 
950, 1.283211e+00, 1.558220e+00, -3.456922e+00, -3.456922e+00, 1.000000, 8.186969e-01, 6.279487e-01, 
951, 2.044382e-01, 3.888060e+00, -2.506473e+00, -1.109026e+01, 0.000000, 8.186969e-01, 6.279487e-01, 
952, 3.378843e-01, 5.936539e-01, -2.266188e+00, -2.266188e+00, 1.000000, 8.186969e-01, 6.279487e-01, 
953, 2.417974e-01, 3.803662e-01, -2.734411e+00, -2.734411e+00, 1.000000, 8.186969e-01, 6.279487e-01, 
954, 1.021197e-01, 1.008453e+01, -3.018867e+00, -7.194260e+00, 7.000000, 8.186969e-01, 6.279487e-01, 
955, 3.493457e-01, 1.231689e+00, -2.230969e+00, -2.230969e+00, 0.000000, 8.186969e-01, 6.279487e-01, 
956, 1.406104e-01, 1.263442e-01, -2.946301e+00, -5.794648e+00, 1.000000, 8.186969e-01, 6.279487e-01, 
957, 6.164447e-01, 1.844871e+00, -2.658326e+00, -2.658326e+00, 0.000000, 8.186969e-01, 6.279487e-01, 
958, 5.734654e-01, 2.781248e+00, -2.819321e+00, -2.819321e+00, 1.000000, 8.186969e-01, 6.279487e-01, 
959, 3.752610e-01, 1.526713e+00, -2.277096e+00, -2.277096e+00, 0.000000, 8.186969e-01, 6.279487e-01, 
960, 1.680075e-01, 4.513031e-01, -3.828076e+00, -3.828076e+00, 1.000000, 8.186969e-01, 6.279487e-01, 
961, 2.663894e-01, 3.056965e-01, -2.644371e+00, -2.644371e+00, 1.000000, 8.186969e-01, 6.279487e-01, 
962, 1.021197e-01, 1.008453e+01, -3.018867e+00, -1.418624e+01, 7.000000, 8.186969e-01, 6.279487e-01, 
963, 3.146637e-01, 9.523137e-01, -2.240472e+00, -2.240472e+00, 0.000000, 8.186969e-01, 6.279487e-01, 
964, 1.406104e-01, 1.263442e-01, -2.946301e+00, -5.117224e+01, 1.000000, 8.186969e-01, 6.279487e-01, 
965, 8.045922e-01, 3.811005e+00, -3.440826e+00, -3.440826e+00, 0.000000, 8.186969e-01, 6.279487e-01, 
966, 5.734654e-01, 2.781248e+00, -2.819321e+00, -3.579666e+00, 1.000000, 8.186969e-01, 6.279487e-01, 
967, 3.752610e-01, 1.526713e+00, -2.277096e+00, -3.038124e+00, 0.000000, 8.186969e-01, 6.279487e-01, 
968, 1.680075e-01, 4.513031e-01, -3.828076e+00, -1.378788e+01, 1.000000, 8.186969e-01, 6.279487e-01, 
969, 2.963375e-01, 4.227784e-01, -2.435128e+00, -2.435128e+00, 1.000000, 8.186969e-01, 6.279487e-01, 
970, 1.021197e-01, 1.008453e+01, -3.018867e+00, -5.515076e+00, 7.000000, 8.186969e-01, 6.279487e-01, 
971, 3.146637e-01, 9.523137e-01, -2.240472e+00, -7.887468e+00, 0.000000, 8.186969e-01, 6.279487e-01, 
972, 1.249333e-01, 1.033263e-01, -2.444013e+00, -2.444013e+00, 1.000000, 8.186969e-01, 6.279487e-01, 
973, 1.290085e+00, 1.020472e+00, -3.330998e+00, -3.330998e+00, 0.000000, 8.186969e-01, 6.279487e-01, 
974, 1.200315e+00, 5.071599e+00, -4.260911e+00, -4.260911e+00, 1.000000, 8.186969e-01, 6.279487e-01, 
975, 3.024471e-01, 1.273139e+00, -2.263994e+00, -2.263994e+00, 0.000000, 8.186969e-01, 6.279487e-01, 
976, 2.663701e-01, 4.830196e-01, -2.505474e+00, -2.505474e+00, 1.000000, 8.186969e-01, 6.279487e-01, 
977, 3.229142e-01, 2.672312e-01, -2.519788e+00, -2.519788e+00, 1.000000, 8.186969e-01, 6.279487e-01, 
978, 1.021197e-01, 1.008453e+01, -3.018867e+00, -1.776099e+01, 7.000000, 8.186969e-01, 6.279487e-01, 
979, 3.146637e-01, 9.523137e-01, -2.240472e+00, -2.748305e+00, 0.000000, 8.186969e-01, 6.279487e-01, 
980, 1.071601e-01, 8.277643e-02, -1.990412e+00, -1.990412e+00, 1.000000, 8.186969e-01, 6.279487e-01, 
981, 7.158465e-01, 1.266657e+00, -2.664207e+00, -2.664207e+00, 0.000000, 8.186969e-01, 6.279487e-01, 
982, 3.989454e-01, 3.629870e+00, -2.686522e+00, -2.686522e+00, 1.000000, 8.186969e-01, 6.279487e-01, 
983, 3.908759e-01, 8.886444e-01, -2.214393e+00, -2.214393e+00, 0.000000, 8.186969e-01, 6.279487e-01, 
984, 4.621334e-01, 3.536400e-01, -2.427053e+00, -2.427053e+00, 1.000000, 8.186969e-01, 6.279487e-01, 
985, 3.365882e-01, 2.791435e-01, -2.492313e+00, -2.492313e+00, 1.000000, 8.186969e-01, 6.279487e-01, 
986, 1.021197e-01, 1.008453e+01, -3.018867e+00, -4.552179e+01, 7.000000, 8.186969e-01, 6.279487e-01, 
987, 4.487069e-01, 7.375036e-01, -2.253958e+00, -2.253958e+00, 0.000000, 8.186969e-01, 6.279487e-01, 
988, 1.022244e-01, 1.034673e-01, -2.645323e+00, -2.645323e+00, 1.000000, 8.186969e-01, 6.279487e-01, 
989, 7.158465e-01, 1.266657e+00, -2.664207e+00, -3.101550e+00, 0.000000, 8.186969e-01, 6.279487e-01, 
990, 2.089557e-01, 3.358231e+00, -2.512867e+00, -2.512867e+00, 1.000000, 8.186969e-01, 6.279487e-01, 
991, 4.448455e-01, 6.650375e-01, -2.258849e+00, -2.258849e+00, 0.000000, 8.186969e-01, 6.279487e-01, 
992, 4.621334e-01, 3.536400e-01, -2.427053e+00, -4.470008e+00, 1.000000, 8.186969e-01, 6.279487e-01, 
993, 3.365882e-01, 2.791435e-01, -2.492313e+00, -4.717715e+00, 1.000000, 8.186969e-01, 6.279487e-01, 
994, 1.021197e-01, 1.008453e+01, -3.018867e+00, -3.012677e+01, 7.000000, 8.186969e-01, 6.279487e-01, 
995, 4.854405e-01, 7.441040e-01, -2.288844e+00, -2.288844e+00, 0.000000, 8.186969e-01, 6.279487e-01, 
996, 1.022244e-01, 1.034673e-01, -2.645323e+00, -1.662886e+01, 1.000000, 8.186969e-01, 6.279487e-01, 
997, 4.005890e-01, 7.336561e-01, -2.223717e+00, -2.223717e+00, 0.000000, 8.186969e-01, 6.279487e-01, 
998, 2.089557e-01, 3.358231e+00, -2.512867e+00, -5.475541e+00, 1.000000, 8.186969e-01, 6.279487e-01, 
999, 5.624042e-01, 7.912984e-01, -2.380354e+00, -2.380354e+00, 0.000000, 8.186969e-01, 6.279487e-01, 
