sample_no, 3H_Std, Well1_Gamma_p1, log_posterior, log_posterior_transformed, stuck_counter, perturbation_coeff_0, perturbation_coeff_1, 
1, 1.379343e+00, 1.148990e+00, -5.750177e+00, -5.750177e+00, 0.000000, 3.198465e-01, 2.302585e-01, 
2, 1.379343e+00, 1.148990e+00, -5.750177e+00, -6.231786e+00, 0.000000, 2.398849e-01, 1.726939e-01, 
3, 1.379343e+00, 1.148990e+00, -5.750177e+00, -8.790555e+00, 0.000000, 2.398849e-01, 1.726939e-01, 
4, 1.809536e+00, 1.074549e+00, -5.282406e+00, -5.282406e+00, 0.000000, 2.398849e-01, 1.726939e-01, 
5, 2.271360e+00, 8.853261e-01, -5.144207e+00, -5.144207e+00, 0.000000, 2.398849e-01, 1.726939e-01, 
6, 1.514917e+00, 9.817393e-01, -5.447674e+00, -5.447674e+00, 0.000000, 2.398849e-01, 1.726939e-01, 
7, 1.514917e+00, 9.817393e-01, -5.447674e+00, -5.720528e+00, 0.000000, 2.398849e-01, 1.726939e-01, 
8, 2.506417e+00, 9.675906e-01, -5.232815e+00, -5.232815e+00, 0.000000, 2.398849e-01, 1.726939e-01, 
9, 2.528808e+00, 9.662500e-01, -5.237750e+00, -5.237750e+00, 0.000000, 2.398849e-01, 1.726939e-01, 
10, 2.140520e+00, 7.197026e-01, -5.056433e+00, -5.056433e+00, 0.000000, 2.398849e-01, 1.726939e-01, 
11, 1.982952e+00, 5.170494e-01, -5.005568e+00, -5.005568e+00, 0.000000, 2.398849e-01, 1.726939e-01, 
12, 2.323789e+00, 6.313881e-01, -5.045480e+00, -5.045480e+00, 0.000000, 2.398849e-01, 1.726939e-01, 
13, 2.104143e+00, 7.616408e-01, -5.073008e+00, -5.073008e+00, 0.000000, 2.398849e-01, 1.726939e-01, 
14, 1.553725e+00, 8.154507e-01, -5.316758e+00, -5.316758e+00, 0.000000, 2.398849e-01, 1.726939e-01, 
15, 1.667890e+00, 9.463145e-01, -5.286284e+00, -5.286284e+00, 0.000000, 2.398849e-01, 1.726939e-01, 
16, 2.106606e+00, 6.872181e-01, -5.042980e+00, -5.042980e+00, 0.000000, 2.398849e-01, 1.726939e-01, 
17, 1.542853e+00, 6.388154e-01, -5.254390e+00, -5.254390e+00, 0.000000, 2.398849e-01, 1.726939e-01, 
18, 1.542853e+00, 6.388154e-01, -5.254390e+00, -6.897706e+00, 0.000000, 2.398849e-01, 1.726939e-01, 
19, 1.671336e+00, 5.953002e-01, -5.130851e+00, -5.130851e+00, 0.000000, 2.398849e-01, 1.726939e-01, 
20, 2.110499e+00, 5.815578e-01, -5.011077e+00, -5.011077e+00, 0.000000, 2.398849e-01, 1.726939e-01, 
21, 1.857681e+00, 6.394846e-01, -5.057094e+00, -5.057094e+00, 0.000000, 2.398849e-01, 1.726939e-01, 
22, 1.680601e+00, 5.714701e-01, -5.118903e+00, -5.118903e+00, 0.000000, 2.398849e-01, 1.726939e-01, 
23, 2.110081e+00, 5.182180e-01, -5.000510e+00, -5.000510e+00, 0.000000, 2.398849e-01, 1.726939e-01, 
24, 2.152138e+00, 7.271197e-01, -5.059972e+00, -5.059972e+00, 0.000000, 2.398849e-01, 1.726939e-01, 
25, 2.152138e+00, 7.271197e-01, -5.059972e+00, -5.205241e+00, 0.000000, 2.398849e-01, 1.726939e-01, 
26, 1.959505e+00, 9.079130e-01, -5.152753e+00, -5.152753e+00, 0.000000, 2.398849e-01, 1.726939e-01, 
27, 3.004638e+00, 1.243308e+00, -5.541085e+00, -5.541085e+00, 0.000000, 2.398849e-01, 1.726939e-01, 
28, 2.818172e+00, 1.052628e+00, -5.370354e+00, -5.370354e+00, 0.000000, 2.398849e-01, 1.726939e-01, 
29, 1.898433e+00, 8.559541e-01, -5.137896e+00, -5.137896e+00, 0.000000, 2.398849e-01, 1.726939e-01, 
30, 1.938012e+00, 8.468216e-01, -5.125353e+00, -5.125353e+00, 0.000000, 2.398849e-01, 1.726939e-01, 
31, 2.193476e+00, 7.756475e-01, -5.083442e+00, -5.083442e+00, 0.000000, 2.398849e-01, 1.726939e-01, 
32, 1.718596e+00, 8.714531e-01, -5.215082e+00, -5.215082e+00, 0.000000, 2.398849e-01, 1.726939e-01, 
33, 1.587119e+00, 8.860851e-01, -5.319520e+00, -5.319520e+00, 0.000000, 2.398849e-01, 1.726939e-01, 
34, 1.668108e+00, 7.415666e-01, -5.185047e+00, -5.185047e+00, 0.000000, 2.398849e-01, 1.726939e-01, 
35, 2.081457e+00, 6.927122e-01, -5.044969e+00, -5.044969e+00, 0.000000, 2.398849e-01, 1.726939e-01, 
36, 1.914292e+00, 7.570938e-01, -5.088096e+00, -5.088096e+00, 0.000000, 2.398849e-01, 1.726939e-01, 
37, 1.723794e+00, 7.580925e-01, -5.157942e+00, -5.157942e+00, 0.000000, 2.398849e-01, 1.726939e-01, 
38, 2.077248e+00, 8.291203e-01, -5.104024e+00, -5.104024e+00, 0.000000, 2.398849e-01, 1.726939e-01, 
39, 2.636278e+00, 9.326834e-01, -5.249647e+00, -5.249647e+00, 0.000000, 2.398849e-01, 1.726939e-01, 
40, 2.080973e+00, 6.688820e-01, -5.036345e+00, -5.036345e+00, 0.000000, 2.398849e-01, 1.726939e-01, 
41, 2.043066e+00, 4.698385e-01, -4.998653e+00, -4.998653e+00, 0.000000, 2.398849e-01, 1.726939e-01, 
42, 2.953175e+00, 4.149328e-01, -5.209359e+00, -5.209359e+00, 0.000000, 2.398849e-01, 1.726939e-01, 
43, 3.016002e+00, 3.231977e-01, -5.274218e+00, -5.274218e+00, 0.000000, 2.398849e-01, 1.726939e-01, 
44, 2.098470e+00, 3.600362e-01, -5.014682e+00, -5.014682e+00, 0.000000, 2.398849e-01, 1.726939e-01, 
45, 2.142007e+00, 4.322140e-01, -5.001793e+00, -5.001793e+00, 0.000000, 2.398849e-01, 1.726939e-01, 
46, 2.308229e+00, 4.217192e-01, -5.022526e+00, -5.022526e+00, 0.000000, 2.398849e-01, 1.726939e-01, 
47, 2.230113e+00, 4.326315e-01, -5.009587e+00, -5.009587e+00, 0.000000, 2.398849e-01, 1.726939e-01, 
48, 2.155311e+00, 4.484921e-01, -5.001094e+00, -5.001094e+00, 0.000000, 2.398849e-01, 1.726939e-01, 
49, 2.499515e+00, 3.785815e-01, -5.075045e+00, -5.075045e+00, 0.000000, 2.398849e-01, 1.726939e-01, 
50, 2.499515e+00, 3.785815e-01, -5.075045e+00, -5.243067e+00, 0.000000, 2.398849e-01, 1.726939e-01, 
51, 2.069653e+00, 4.462779e-01, -4.998832e+00, -4.998832e+00, 0.000000, 2.398849e-01, 1.726939e-01, 
52, 1.788612e+00, 3.803829e-01, -5.055259e+00, -5.055259e+00, 0.000000, 3.198465e-01, 2.302585e-01, 
53, 2.729663e+00, 3.434545e-01, -5.159155e+00, -5.159155e+00, 0.000000, 3.198465e-01, 2.302585e-01, 
54, 3.758265e+00, 3.237903e-01, -5.570455e+00, -5.570455e+00, 0.000000, 3.198465e-01, 2.302585e-01, 
55, 1.348634e+00, 2.820168e-01, -5.438709e+00, -5.438709e+00, 0.000000, 3.198465e-01, 2.302585e-01, 
56, 1.348634e+00, 2.820168e-01, -5.438709e+00, -5.698695e+00, 0.000000, 3.198465e-01, 2.302585e-01, 
57, 3.115331e+00, 4.493220e-01, -5.262946e+00, -5.262946e+00, 0.000000, 3.198465e-01, 2.302585e-01, 
58, 4.233896e+00, 4.634606e-01, -5.703530e+00, -5.703530e+00, 0.000000, 3.198465e-01, 2.302585e-01, 
59, 3.237373e+00, 5.694747e-01, -5.314793e+00, -5.314793e+00, 0.000000, 3.198465e-01, 2.302585e-01, 
60, 3.931062e+00, 5.380270e-01, -5.584484e+00, -5.584484e+00, 0.000000, 3.198465e-01, 2.302585e-01, 
61, 3.931062e+00, 5.380270e-01, -5.584484e+00, -6.004828e+00, 0.000000, 3.198465e-01, 2.302585e-01, 
62, 3.876361e+00, 5.454351e-01, -5.563582e+00, -5.563582e+00, 0.000000, 3.198465e-01, 2.302585e-01, 
63, 2.491145e+00, 5.599697e-01, -5.063469e+00, -5.063469e+00, 0.000000, 3.198465e-01, 2.302585e-01, 
64, 2.894185e+00, 4.604375e-01, -5.181056e+00, -5.181056e+00, 0.000000, 3.198465e-01, 2.302585e-01, 
65, 3.970178e+00, 4.607849e-01, -5.599134e+00, -5.599134e+00, 0.000000, 3.198465e-01, 2.302585e-01, 
66, 3.287767e+00, 3.542980e-01, -5.360266e+00, -5.360266e+00, 0.000000, 3.198465e-01, 2.302585e-01, 
67, 1.731120e+00, 2.673076e-01, -5.076819e+00, -5.076819e+00, 0.000000, 3.198465e-01, 2.302585e-01, 
68, 2.482013e+00, 3.116927e-01, -5.101047e+00, -5.101047e+00, 0.000000, 3.198465e-01, 2.302585e-01, 
69, 3.326973e+00, 3.651405e-01, -5.370028e+00, -5.370028e+00, 0.000000, 3.198465e-01, 2.302585e-01, 
70, 1.949366e+00, 5.001487e-01, -5.008385e+00, -5.008385e+00, 0.000000, 3.198465e-01, 2.302585e-01, 
71, 1.689704e+00, 5.450282e-01, -5.107750e+00, -5.107750e+00, 0.000000, 3.198465e-01, 2.302585e-01, 
72, 3.277230e+00, 4.256969e-01, -5.329130e+00, -5.329130e+00, 0.000000, 3.198465e-01, 2.302585e-01, 
73, 3.277230e+00, 4.256969e-01, -5.329130e+00, -5.423439e+00, 0.000000, 3.198465e-01, 2.302585e-01, 
74, 2.632254e+00, 4.617657e-01, -5.095576e+00, -5.095576e+00, 0.000000, 3.198465e-01, 2.302585e-01, 
75, 2.387478e+00, 4.319375e-01, -5.035990e+00, -5.035990e+00, 0.000000, 3.198465e-01, 2.302585e-01, 
76, 2.936516e+00, 4.256865e-01, -5.200955e+00, -5.200955e+00, 0.000000, 3.198465e-01, 2.302585e-01, 
77, 2.567899e+00, 4.620413e-01, -5.077113e+00, -5.077113e+00, 0.000000, 3.198465e-01, 2.302585e-01, 
78, 1.720915e+00, 2.834006e-01, -5.085775e+00, -5.085775e+00, 0.000000, 3.198465e-01, 2.302585e-01, 
79, 1.899421e+00, 2.719743e-01, -5.041718e+00, -5.041718e+00, 0.000000, 3.198465e-01, 2.302585e-01, 
80, 2.580220e+00, 3.589841e-01, -5.104914e+00, -5.104914e+00, 0.000000, 3.198465e-01, 2.302585e-01, 
81, 1.705361e+00, 4.239903e-01, -5.090382e+00, -5.090382e+00, 0.000000, 3.198465e-01, 2.302585e-01, 
82, 1.705361e+00, 4.239903e-01, -5.090382e+00, -7.064046e+00, 0.000000, 3.198465e-01, 2.302585e-01, 
83, 1.895936e+00, 5.604354e-01, -5.026655e+00, -5.026655e+00, 0.000000, 3.198465e-01, 2.302585e-01, 
84, 2.567331e+00, 5.021665e-01, -5.076715e+00, -5.076715e+00, 0.000000, 3.198465e-01, 2.302585e-01, 
85, 2.173213e+00, 4.255115e-01, -5.004761e+00, -5.004761e+00, 0.000000, 3.198465e-01, 2.302585e-01, 
86, 1.909475e+00, 4.022515e-01, -5.018678e+00, -5.018678e+00, 0.000000, 3.198465e-01, 2.302585e-01, 
87, 1.909475e+00, 4.022515e-01, -5.018678e+00, -5.194104e+00, 0.000000, 3.198465e-01, 2.302585e-01, 
88, 1.956172e+00, 4.469164e-01, -5.006759e+00, -5.006759e+00, 0.000000, 3.198465e-01, 2.302585e-01, 
89, 1.956172e+00, 4.469164e-01, -5.006759e+00, -5.494400e+00, 0.000000, 3.198465e-01, 2.302585e-01, 
90, 1.733528e+00, 3.837860e-01, -5.078567e+00, -5.078567e+00, 0.000000, 3.198465e-01, 2.302585e-01, 
91, 3.049466e+00, 3.627520e-01, -5.263679e+00, -5.263679e+00, 0.000000, 3.198465e-01, 2.302585e-01, 
92, 2.794317e+00, 3.808060e-01, -5.164135e+00, -5.164135e+00, 0.000000, 3.198465e-01, 2.302585e-01, 
93, 1.661826e+00, 3.802236e-01, -5.119630e+00, -5.119630e+00, 0.000000, 3.198465e-01, 2.302585e-01, 
94, 1.715874e+00, 5.887068e-01, -5.101734e+00, -5.101734e+00, 0.000000, 3.198465e-01, 2.302585e-01, 
95, 2.013521e+00, 9.903223e-01, -5.190238e+00, -5.190238e+00, 0.000000, 3.198465e-01, 2.302585e-01, 
96, 1.454020e+00, 7.397713e-01, -5.405030e+00, -5.405030e+00, 0.000000, 3.198465e-01, 2.302585e-01, 
97, 1.314129e+00, 5.657338e-01, -5.600270e+00, -5.600270e+00, 0.000000, 3.198465e-01, 2.302585e-01, 
98, 1.402742e+00, 5.073948e-01, -5.413816e+00, -5.413816e+00, 0.000000, 3.198465e-01, 2.302585e-01, 
99, 1.875584e+00, 4.057227e-01, -5.025440e+00, -5.025440e+00, 0.000000, 3.198465e-01, 2.302585e-01, 
100, 1.685423e+00, 4.243910e-01, -5.102123e+00, -5.102123e+00, 0.000000, 3.198465e-01, 2.302585e-01, 
101, 1.471551e+00, 4.839368e-01, -5.306433e+00, -5.306433e+00, 0.000000, 3.198465e-01, 2.302585e-01, 
102, 2.047746e+00, 4.062127e-01, -5.003908e+00, -5.003908e+00, 0.000000, 4.264620e-01, 3.070113e-01, 
103, 2.047746e+00, 4.062127e-01, -5.003908e+00, -5.254918e+00, 0.000000, 4.264620e-01, 3.070113e-01, 
104, 2.047746e+00, 4.062127e-01, -5.003908e+00, -5.499804e+00, 0.000000, 4.264620e-01, 3.070113e-01, 
105, 1.993847e+00, 3.343758e-01, -5.022814e+00, -5.022814e+00, 0.000000, 4.264620e-01, 3.070113e-01, 
106, 3.820971e+00, 4.216696e-01, -5.546386e+00, -5.546386e+00, 0.000000, 4.264620e-01, 3.070113e-01, 
107, 3.953257e+00, 5.094316e-01, -5.591040e+00, -5.591040e+00, 0.000000, 4.264620e-01, 3.070113e-01, 
108, 2.090320e+00, 2.194349e-01, -5.052651e+00, -5.052651e+00, 0.000000, 4.264620e-01, 3.070113e-01, 
109, 2.160201e+00, 2.058642e-01, -5.070369e+00, -5.070369e+00, 0.000000, 4.264620e-01, 3.070113e-01, 
110, 2.441415e+00, 1.325597e-01, -5.264162e+00, -5.264162e+00, 0.000000, 4.264620e-01, 3.070113e-01, 
111, 2.290304e+00, 7.084507e-02, -5.695238e+00, -5.695238e+00, 0.000000, 4.264620e-01, 3.070113e-01, 
112, 2.190342e+00, 9.859549e-02, -5.244588e+00, -5.244588e+00, 0.000000, 4.264620e-01, 3.070113e-01, 
113, 2.847708e+00, 1.471749e-01, -5.450393e+00, -5.450393e+00, 0.000000, 4.264620e-01, 3.070113e-01, 
114, 2.847708e+00, 1.471749e-01, -5.450393e+00, -6.047117e+00, 0.000000, 4.264620e-01, 3.070113e-01, 
115, 2.033356e+00, 1.766662e-01, -5.029317e+00, -5.029317e+00, 0.000000, 4.264620e-01, 3.070113e-01, 
116, 1.682689e+00, 1.357273e-01, -4.841225e+00, -4.841225e+00, 0.000000, 4.264620e-01, 3.070113e-01, 
117, 2.947278e+00, 1.233957e-01, -5.601323e+00, -5.601323e+00, 0.000000, 4.264620e-01, 3.070113e-01, 
118, 2.947278e+00, 1.233957e-01, -5.601323e+00, -6.140581e+00, 0.000000, 4.264620e-01, 3.070113e-01, 
119, 9.989560e-01, 1.391378e-01, -4.979184e+00, -4.979184e+00, 0.000000, 4.264620e-01, 3.070113e-01, 
120, 9.205089e-01, 1.174990e-01, -4.565987e+00, -4.565987e+00, 0.000000, 4.264620e-01, 3.070113e-01, 
121, 9.205089e-01, 1.174990e-01, -4.565987e+00, -5.492012e+00, 0.000000, 4.264620e-01, 3.070113e-01, 
122, 1.348114e+00, 9.615289e-02, -4.518366e+00, -4.518366e+00, 0.000000, 4.264620e-01, 3.070113e-01, 
123, 9.465410e-01, 7.580456e-02, -4.099224e+00, -4.099224e+00, 0.000000, 4.264620e-01, 3.070113e-01, 
124, 9.465410e-01, 7.580456e-02, -4.099224e+00, -4.894261e+00, 0.000000, 4.264620e-01, 3.070113e-01, 
125, 9.465410e-01, 7.580456e-02, -4.099224e+00, -4.539964e+00, 0.000000, 4.264620e-01, 3.070113e-01, 
126, 9.265716e-01, 9.747532e-02, -4.139102e+00, -4.139102e+00, 0.000000, 4.264620e-01, 3.070113e-01, 
127, 9.265716e-01, 9.747532e-02, -4.139102e+00, -1.009536e+01, 0.000000, 4.264620e-01, 3.070113e-01, 
128, 1.130580e+00, 7.815015e-02, -4.342887e+00, -4.342887e+00, 0.000000, 4.264620e-01, 3.070113e-01, 
129, 1.130580e+00, 7.815015e-02, -4.342887e+00, -5.708447e+00, 0.000000, 4.264620e-01, 3.070113e-01, 
130, 8.774405e-01, 8.256605e-02, -3.943785e+00, -3.943785e+00, 0.000000, 4.264620e-01, 3.070113e-01, 
131, 3.808459e-01, 7.781423e-02, -2.943136e+00, -2.943136e+00, 0.000000, 4.264620e-01, 3.070113e-01, 
132, 6.143398e-01, 7.356733e-02, -3.512093e+00, -3.512093e+00, 0.000000, 4.264620e-01, 3.070113e-01, 
133, 8.964663e-01, 1.128712e-01, -4.461790e+00, -4.461790e+00, 0.000000, 4.264620e-01, 3.070113e-01, 
134, 4.424691e-01, 7.517606e-02, -3.072170e+00, -3.072170e+00, 0.000000, 4.264620e-01, 3.070113e-01, 
135, 4.424691e-01, 7.517606e-02, -3.072170e+00, -5.981127e+00, 0.000000, 4.264620e-01, 3.070113e-01, 
136, 4.424691e-01, 7.517606e-02, -3.072170e+00, -4.230607e+00, 0.000000, 4.264620e-01, 3.070113e-01, 
137, 4.424691e-01, 7.517606e-02, -3.072170e+00, -3.510659e+00, 0.000000, 4.264620e-01, 3.070113e-01, 
138, 3.317544e-01, 8.542410e-02, -3.505822e+00, -3.505822e+00, 0.000000, 4.264620e-01, 3.070113e-01, 
139, 3.317544e-01, 8.542410e-02, -3.505822e+00, -4.389322e+00, 0.000000, 4.264620e-01, 3.070113e-01, 
140, 3.804655e-01, 6.264161e-02, -3.903154e+00, -3.903154e+00, 0.000000, 4.264620e-01, 3.070113e-01, 
141, 3.804655e-01, 6.264161e-02, -3.903154e+00, -6.657370e+00, 0.000000, 4.264620e-01, 3.070113e-01, 
142, 3.804655e-01, 6.264161e-02, -3.903154e+00, -3.383962e+01, 0.000000, 4.264620e-01, 3.070113e-01, 
143, 3.804655e-01, 6.264161e-02, -3.903154e+00, -1.258950e+01, 0.000000, 4.264620e-01, 3.070113e-01, 
144, 4.377103e-01, 6.022165e-02, -4.272579e+00, -4.272579e+00, 0.000000, 4.264620e-01, 3.070113e-01, 
145, 4.377103e-01, 6.022165e-02, -4.272579e+00, -1.055574e+01, 0.000000, 4.264620e-01, 3.070113e-01, 
146, 2.523773e-01, 7.804471e-02, -2.664799e+00, -2.664799e+00, 0.000000, 4.264620e-01, 3.070113e-01, 
147, 3.772121e-01, 8.569456e-02, -3.460288e+00, -3.460288e+00, 0.000000, 4.264620e-01, 3.070113e-01, 
148, 3.772121e-01, 8.569456e-02, -3.460288e+00, -6.569818e+00, 0.000000, 4.264620e-01, 3.070113e-01, 
149, 3.772121e-01, 8.569456e-02, -3.460288e+00, -1.335620e+01, 0.000000, 4.264620e-01, 3.070113e-01, 
150, 3.034967e-01, 8.416509e-02, -3.407249e+00, -3.407249e+00, 0.000000, 4.264620e-01, 3.070113e-01, 
151, 4.500056e-01, 1.108912e-01, -6.100361e+00, -6.100361e+00, 0.000000, 4.264620e-01, 3.070113e-01, 
152, 1.217290e+00, 8.975059e-02, -4.383949e+00, -4.383949e+00, 1.000000, 5.686160e-01, 4.093485e-01, 
153, 9.892347e-01, 8.499895e-02, -4.104568e+00, -4.104568e+00, 1.000000, 5.686160e-01, 4.093485e-01, 
154, 5.277968e-01, 6.235090e-02, -3.975783e+00, -3.975783e+00, 1.000000, 5.686160e-01, 4.093485e-01, 
155, 5.277968e-01, 6.235090e-02, -3.975783e+00, -7.458937e+00, 1.000000, 5.686160e-01, 4.093485e-01, 
156, 6.948969e-01, 7.200668e-02, -3.715889e+00, -3.715889e+00, 1.000000, 5.686160e-01, 4.093485e-01, 
157, 7.413526e-01, 6.211109e-02, -4.251024e+00, -4.251024e+00, 1.000000, 5.686160e-01, 4.093485e-01, 
158, 7.413526e-01, 6.211109e-02, -4.251024e+00, -1.905192e+01, 1.000000, 5.686160e-01, 4.093485e-01, 
159, 6.325618e-01, 1.017629e-01, -4.278644e+00, -4.278644e+00, 1.000000, 5.686160e-01, 4.093485e-01, 
160, 1.051440e+00, 1.143587e-01, -4.469616e+00, -4.469616e+00, 1.000000, 5.686160e-01, 4.093485e-01, 
161, 1.051440e+00, 1.143587e-01, -4.469616e+00, -5.930568e+00, 1.000000, 5.686160e-01, 4.093485e-01, 
162, 8.862905e-01, 9.608372e-02, -4.085575e+00, -4.085575e+00, 1.000000, 5.686160e-01, 4.093485e-01, 
163, 4.965867e-01, 9.842411e-02, -4.373501e+00, -4.373501e+00, 1.000000, 5.686160e-01, 4.093485e-01, 
164, 4.965867e-01, 9.842411e-02, -4.373501e+00, -4.745021e+00, 1.000000, 5.686160e-01, 4.093485e-01, 
165, 7.702158e-01, 6.625803e-02, -4.060078e+00, -4.060078e+00, 1.000000, 5.686160e-01, 4.093485e-01, 
166, 7.702158e-01, 6.625803e-02, -4.060078e+00, -6.143836e+00, 1.000000, 5.686160e-01, 4.093485e-01, 
167, 7.702158e-01, 6.625803e-02, -4.060078e+00, -8.648298e+00, 1.000000, 5.686160e-01, 4.093485e-01, 
168, 8.023679e-01, 7.305518e-02, -3.898865e+00, -3.898865e+00, 1.000000, 5.686160e-01, 4.093485e-01, 
169, 8.023679e-01, 7.305518e-02, -3.898865e+00, -5.130528e+00, 1.000000, 5.686160e-01, 4.093485e-01, 
170, 8.023679e-01, 7.305518e-02, -3.898865e+00, -4.198970e+00, 1.000000, 5.686160e-01, 4.093485e-01, 
171, 4.634263e-01, 9.381110e-02, -4.065323e+00, -4.065323e+00, 1.000000, 5.686160e-01, 4.093485e-01, 
172, 4.634263e-01, 9.381110e-02, -4.065323e+00, -5.402043e+00, 1.000000, 5.686160e-01, 4.093485e-01, 
173, 4.634263e-01, 9.381110e-02, -4.065323e+00, -6.644223e+00, 1.000000, 5.686160e-01, 4.093485e-01, 
174, 4.634263e-01, 9.381110e-02, -4.065323e+00, -5.769019e+00, 1.000000, 5.686160e-01, 4.093485e-01, 
175, 2.001547e-01, 7.535717e-02, -2.294828e+00, -2.294828e+00, 1.000000, 5.686160e-01, 4.093485e-01, 
176, 1.275065e-01, 6.955407e-02, -2.660683e+00, -2.660683e+00, 1.000000, 5.686160e-01, 4.093485e-01, 
177, 1.275065e-01, 6.955407e-02, -2.660683e+00, -8.268450e+01, 1.000000, 5.686160e-01, 4.093485e-01, 
178, 1.806688e-01, 7.034133e-02, -2.424034e+00, -2.424034e+00, 1.000000, 5.686160e-01, 4.093485e-01, 
179, 1.806688e-01, 7.034133e-02, -2.424034e+00, -5.824091e+00, 1.000000, 5.686160e-01, 4.093485e-01, 
180, 1.806688e-01, 7.034133e-02, -2.424034e+00, -3.086798e+02, 1.000000, 5.686160e-01, 4.093485e-01, 
181, 1.806688e-01, 7.034133e-02, -2.424034e+00, -4.007555e+00, 1.000000, 5.686160e-01, 4.093485e-01, 
182, 1.806688e-01, 7.034133e-02, -2.424034e+00, -8.550376e+00, 1.000000, 5.686160e-01, 4.093485e-01, 
183, 1.806688e-01, 7.034133e-02, -2.424034e+00, -5.579735e+01, 1.000000, 5.686160e-01, 4.093485e-01, 
184, 1.806688e-01, 7.034133e-02, -2.424034e+00, -4.251256e+01, 1.000000, 5.686160e-01, 4.093485e-01, 
185, 1.806688e-01, 7.034133e-02, -2.424034e+00, -4.441060e+00, 1.000000, 5.686160e-01, 4.093485e-01, 
186, 1.806688e-01, 7.034133e-02, -2.424034e+00, -5.147730e+00, 1.000000, 5.686160e-01, 4.093485e-01, 
187, 1.806688e-01, 7.034133e-02, -2.424034e+00, -7.777626e+00, 1.000000, 5.686160e-01, 4.093485e-01, 
188, 1.806688e-01, 7.034133e-02, -2.424034e+00, -6.316559e+01, 1.000000, 5.686160e-01, 4.093485e-01, 
189, 1.806688e-01, 7.034133e-02, -2.424034e+00, -2.441241e+01, 1.000000, 5.686160e-01, 4.093485e-01, 
190, 1.806688e-01, 7.034133e-02, -2.424034e+00, -6.062545e+00, 1.000000, 5.686160e-01, 4.093485e-01, 
191, 2.568835e-01, 6.759298e-02, -3.033735e+00, -3.033735e+00, 1.000000, 5.686160e-01, 4.093485e-01, 
192, 2.568835e-01, 6.759298e-02, -3.033735e+00, -3.308109e+02, 1.000000, 5.686160e-01, 4.093485e-01, 
193, 2.568835e-01, 6.759298e-02, -3.033735e+00, -3.993364e+01, 1.000000, 5.686160e-01, 4.093485e-01, 
194, 4.419898e-01, 7.491853e-02, -3.071802e+00, -3.071802e+00, 1.000000, 5.686160e-01, 4.093485e-01, 
195, 5.755178e-01, 8.448194e-02, -3.507925e+00, -3.507925e+00, 1.000000, 5.686160e-01, 4.093485e-01, 
196, 5.755178e-01, 8.448194e-02, -3.507925e+00, -3.739012e+00, 1.000000, 5.686160e-01, 4.093485e-01, 
197, 2.263295e-01, 8.014933e-02, -2.951329e+00, -2.951329e+00, 1.000000, 5.686160e-01, 4.093485e-01, 
198, 2.263295e-01, 8.014933e-02, -2.951329e+00, -1.128602e+01, 1.000000, 5.686160e-01, 4.093485e-01, 
199, 2.263295e-01, 8.014933e-02, -2.951329e+00, -7.495433e+00, 1.000000, 5.686160e-01, 4.093485e-01, 
200, 1.931478e-01, 6.832177e-02, -2.883340e+00, -2.883340e+00, 1.000000, 5.686160e-01, 4.093485e-01, 
201, 1.931478e-01, 6.832177e-02, -2.883340e+00, -7.650131e+01, 1.000000, 5.686160e-01, 4.093485e-01, 
202, 1.931478e-01, 6.832177e-02, -2.883340e+00, -5.443744e+00, 2.000000, 7.581546e-01, 5.457979e-01, 
203, 1.931478e-01, 6.832177e-02, -2.883340e+00, -4.100369e+00, 2.000000, 7.581546e-01, 5.457979e-01, 
204, 1.931478e-01, 6.832177e-02, -2.883340e+00, -1.273882e+01, 2.000000, 7.581546e-01, 5.457979e-01, 
205, 1.931478e-01, 6.832177e-02, -2.883340e+00, -9.180725e+01, 2.000000, 7.581546e-01, 5.457979e-01, 
206, 1.931478e-01, 6.832177e-02, -2.883340e+00, -4.501630e+00, 2.000000, 7.581546e-01, 5.457979e-01, 
207, 1.931478e-01, 6.832177e-02, -2.883340e+00, -5.171950e+00, 2.000000, 7.581546e-01, 5.457979e-01, 
208, 1.931478e-01, 6.832177e-02, -2.883340e+00, -6.991407e+01, 2.000000, 7.581546e-01, 5.457979e-01, 
209, 1.931478e-01, 6.832177e-02, -2.883340e+00, -5.118588e+02, 2.000000, 7.581546e-01, 5.457979e-01, 
210, 1.931478e-01, 6.832177e-02, -2.883340e+00, -5.742620e+01, 2.000000, 7.581546e-01, 5.457979e-01, 
211, 1.931478e-01, 6.832177e-02, -2.883340e+00, -5.137520e+01, 2.000000, 7.581546e-01, 5.457979e-01, 
212, 3.930333e-01, 7.796891e-02, -2.977540e+00, -2.977540e+00, 2.000000, 7.581546e-01, 5.457979e-01, 
213, 2.949983e-01, 6.983738e-02, -2.809923e+00, -2.809923e+00, 2.000000, 7.581546e-01, 5.457979e-01, 
214, 2.949983e-01, 6.983738e-02, -2.809923e+00, -4.028631e+01, 2.000000, 7.581546e-01, 5.457979e-01, 
215, 5.837678e-01, 1.091207e-01, -4.877689e+00, -4.877689e+00, 2.000000, 7.581546e-01, 5.457979e-01, 
216, 2.174513e+00, 1.969369e-01, -5.075912e+00, -5.075912e+00, 2.000000, 7.581546e-01, 5.457979e-01, 
217, 1.664843e+00, 4.309459e-01, -5.115110e+00, -5.115110e+00, 2.000000, 7.581546e-01, 5.457979e-01, 
218, 1.664843e+00, 4.309459e-01, -5.115110e+00, -9.831437e+00, 2.000000, 7.581546e-01, 5.457979e-01, 
219, 1.745894e+00, 4.686188e-01, -5.068612e+00, -5.068612e+00, 2.000000, 7.581546e-01, 5.457979e-01, 
220, 2.487460e+00, 2.965514e-01, -5.111711e+00, -5.111711e+00, 2.000000, 7.581546e-01, 5.457979e-01, 
221, 2.739407e+00, 2.204087e-01, -5.265255e+00, -5.265255e+00, 2.000000, 7.581546e-01, 5.457979e-01, 
222, 2.739407e+00, 2.204087e-01, -5.265255e+00, -6.321352e+00, 2.000000, 7.581546e-01, 5.457979e-01, 
223, 2.207413e+00, 1.384716e-01, -5.116155e+00, -5.116155e+00, 2.000000, 7.581546e-01, 5.457979e-01, 
224, 4.299091e+00, 2.585286e-01, -5.864388e+00, -5.864388e+00, 2.000000, 7.581546e-01, 5.457979e-01, 
225, 4.299091e+00, 2.585286e-01, -5.864388e+00, -6.085551e+00, 2.000000, 7.581546e-01, 5.457979e-01, 
226, 3.465190e+00, 2.840002e-01, -5.487718e+00, -5.487718e+00, 2.000000, 7.581546e-01, 5.457979e-01, 
227, 1.599624e+00, 8.649393e-01, -5.297242e+00, -5.297242e+00, 2.000000, 7.581546e-01, 5.457979e-01, 
228, 1.599624e+00, 8.649393e-01, -5.297242e+00, -5.457910e+00, 2.000000, 7.581546e-01, 5.457979e-01, 
229, 2.865232e+00, 1.054108e+00, -5.386967e+00, -5.386967e+00, 2.000000, 7.581546e-01, 5.457979e-01, 
230, 2.116793e+00, 6.276649e-01, -5.023285e+00, -5.023285e+00, 2.000000, 7.581546e-01, 5.457979e-01, 
231, 1.683734e+00, 5.139655e-01, -5.106762e+00, -5.106762e+00, 2.000000, 7.581546e-01, 5.457979e-01, 
232, 1.767541e+00, 2.354996e-01, -5.048682e+00, -5.048682e+00, 2.000000, 7.581546e-01, 5.457979e-01, 
233, 1.767541e+00, 2.354996e-01, -5.048682e+00, -6.935236e+00, 2.000000, 7.581546e-01, 5.457979e-01, 
234, 1.767541e+00, 2.354996e-01, -5.048682e+00, -5.073753e+00, 2.000000, 7.581546e-01, 5.457979e-01, 
235, 1.767541e+00, 2.354996e-01, -5.048682e+00, -5.309296e+00, 2.000000, 7.581546e-01, 5.457979e-01, 
236, 1.563483e+00, 3.340701e-01, -5.195512e+00, -5.195512e+00, 2.000000, 7.581546e-01, 5.457979e-01, 
237, 1.862485e+00, 3.842318e-01, -5.031687e+00, -5.031687e+00, 2.000000, 7.581546e-01, 5.457979e-01, 
238, 1.938145e+00, 6.018564e-01, -5.027859e+00, -5.027859e+00, 2.000000, 7.581546e-01, 5.457979e-01, 
239, 1.938145e+00, 6.018564e-01, -5.027859e+00, -1.219530e+01, 2.000000, 7.581546e-01, 5.457979e-01, 
240, 1.059930e+00, 4.779846e-01, -6.477177e+00, -6.477177e+00, 2.000000, 7.581546e-01, 5.457979e-01, 
241, 1.960307e+00, 5.832937e-01, -5.019829e+00, -5.019829e+00, 2.000000, 7.581546e-01, 5.457979e-01, 
242, 3.113596e+00, 1.668646e-01, -5.531185e+00, -5.531185e+00, 2.000000, 7.581546e-01, 5.457979e-01, 
243, 4.539490e-01, 7.927668e-02, -3.151647e+00, -3.151647e+00, 2.000000, 7.581546e-01, 5.457979e-01, 
244, 4.539490e-01, 7.927668e-02, -3.151647e+00, -1.082836e+01, 2.000000, 7.581546e-01, 5.457979e-01, 
245, 4.539490e-01, 7.927668e-02, -3.151647e+00, -4.282091e+00, 2.000000, 7.581546e-01, 5.457979e-01, 
246, 1.215543e+00, 1.040674e-01, -4.429007e+00, -4.429007e+00, 2.000000, 7.581546e-01, 5.457979e-01, 
247, 8.844492e-01, 1.014102e-01, -4.187686e+00, -4.187686e+00, 2.000000, 7.581546e-01, 5.457979e-01, 
248, 8.844492e-01, 1.014102e-01, -4.187686e+00, -1.585170e+01, 2.000000, 7.581546e-01, 5.457979e-01, 
249, 1.617295e+00, 1.827451e-01, -4.981603e+00, -4.981603e+00, 2.000000, 7.581546e-01, 5.457979e-01, 
250, 1.617295e+00, 1.827451e-01, -4.981603e+00, -7.630238e+00, 2.000000, 7.581546e-01, 5.457979e-01, 
251, 1.617295e+00, 1.827451e-01, -4.981603e+00, -5.363788e+00, 2.000000, 7.581546e-01, 5.457979e-01, 
252, 1.617295e+00, 1.827451e-01, -4.981603e+00, -1.127721e+01, 2.000000, 1.010873e+00, 7.277306e-01, 
253, 1.518938e+00, 1.793403e-01, -4.989514e+00, -4.989514e+00, 2.000000, 1.010873e+00, 7.277306e-01, 
254, 1.518938e+00, 1.793403e-01, -4.989514e+00, -5.979824e+00, 2.000000, 1.010873e+00, 7.277306e-01, 
255, 1.518938e+00, 1.793403e-01, -4.989514e+00, -5.662867e+00, 2.000000, 1.010873e+00, 7.277306e-01, 
256, 1.518938e+00, 1.793403e-01, -4.989514e+00, -3.695225e+01, 2.000000, 1.010873e+00, 7.277306e-01, 
257, 8.257009e-01, 1.022130e-01, -4.192149e+00, -4.192149e+00, 2.000000, 1.010873e+00, 7.277306e-01, 
258, 8.257009e-01, 1.022130e-01, -4.192149e+00, -5.027596e+00, 2.000000, 1.010873e+00, 7.277306e-01, 
259, 1.316565e+00, 1.609774e-01, -4.964128e+00, -4.964128e+00, 2.000000, 1.010873e+00, 7.277306e-01, 
260, 1.316565e+00, 1.609774e-01, -4.964128e+00, -6.892718e+00, 2.000000, 1.010873e+00, 7.277306e-01, 
261, 1.316565e+00, 1.609774e-01, -4.964128e+00, -6.424634e+01, 2.000000, 1.010873e+00, 7.277306e-01, 
262, 3.043364e+00, 1.547870e-01, -5.530129e+00, -5.530129e+00, 2.000000, 1.010873e+00, 7.277306e-01, 
263, 9.349797e+00, 1.967788e-01, -7.636859e+00, -7.636859e+00, 2.000000, 1.010873e+00, 7.277306e-01, 
264, 7.146670e+00, 8.205265e-02, -7.872836e+00, -7.872836e+00, 2.000000, 1.010873e+00, 7.277306e-01, 
265, 3.687098e+00, 5.163683e-02, -7.174595e+00, -7.174595e+00, 2.000000, 1.010873e+00, 7.277306e-01, 
266, 3.687098e+00, 5.163683e-02, -7.174595e+00, -9.609283e+00, 2.000000, 1.010873e+00, 7.277306e-01, 
267, 3.687098e+00, 5.163683e-02, -7.174595e+00, -1.442258e+01, 2.000000, 1.010873e+00, 7.277306e-01, 
268, 5.227700e+00, 5.511237e-02, -7.781268e+00, -7.781268e+00, 2.000000, 1.010873e+00, 7.277306e-01, 
269, 1.534226e+00, 3.499042e-02, -7.131920e+00, -7.131920e+00, 2.000000, 1.010873e+00, 7.277306e-01, 
270, 9.881426e-01, 6.329169e-02, -4.525842e+00, -4.525842e+00, 2.000000, 1.010873e+00, 7.277306e-01, 
271, 1.819923e+00, 8.819213e-02, -5.015421e+00, -5.015421e+00, 2.000000, 1.010873e+00, 7.277306e-01, 
272, 2.521637e+00, 1.470040e-01, -5.274543e+00, -5.274543e+00, 2.000000, 1.010873e+00, 7.277306e-01, 
273, 2.521637e+00, 1.470040e-01, -5.274543e+00, -1.950912e+01, 2.000000, 1.010873e+00, 7.277306e-01, 
274, 6.883564e-01, 7.987570e-02, -3.625011e+00, -3.625011e+00, 2.000000, 1.010873e+00, 7.277306e-01, 
275, 6.883564e-01, 7.987570e-02, -3.625011e+00, -4.970783e+00, 2.000000, 1.010873e+00, 7.277306e-01, 
276, 6.883564e-01, 7.987570e-02, -3.625011e+00, -5.177568e+00, 2.000000, 1.010873e+00, 7.277306e-01, 
277, 6.883564e-01, 7.987570e-02, -3.625011e+00, -2.817555e+01, 2.000000, 1.010873e+00, 7.277306e-01, 
278, 4.210360e-01, 6.505515e-02, -3.563579e+00, -3.563579e+00, 2.000000, 1.010873e+00, 7.277306e-01, 
279, 1.021813e+00, 4.781339e-02, -5.705232e+00, -5.705232e+00, 2.000000, 1.010873e+00, 7.277306e-01, 
280, 1.021813e+00, 4.781339e-02, -5.705232e+00, -7.366967e+00, 2.000000, 1.010873e+00, 7.277306e-01, 
281, 7.247056e-01, 5.407288e-02, -5.000374e+00, -5.000374e+00, 2.000000, 1.010873e+00, 7.277306e-01, 
282, 7.247056e-01, 5.407288e-02, -5.000374e+00, -3.891408e+01, 2.000000, 1.010873e+00, 7.277306e-01, 
283, 7.247056e-01, 5.407288e-02, -5.000374e+00, -5.717683e+00, 2.000000, 1.010873e+00, 7.277306e-01, 
284, 1.141773e+00, 7.279496e-02, -4.444885e+00, -4.444885e+00, 2.000000, 1.010873e+00, 7.277306e-01, 
285, 1.315903e+00, 1.840614e-01, -5.137564e+00, -5.137564e+00, 2.000000, 1.010873e+00, 7.277306e-01, 
286, 1.315903e+00, 1.840614e-01, -5.137564e+00, -1.614088e+01, 2.000000, 1.010873e+00, 7.277306e-01, 
287, 9.812523e-01, 1.630405e-01, -5.495808e+00, -5.495808e+00, 2.000000, 1.010873e+00, 7.277306e-01, 
288, 2.351881e+00, 8.201264e-02, -5.546948e+00, -5.546948e+00, 2.000000, 1.010873e+00, 7.277306e-01, 
289, 2.351881e+00, 8.201264e-02, -5.546948e+00, -7.092707e+00, 2.000000, 1.010873e+00, 7.277306e-01, 
290, 1.793710e+00, 8.849120e-02, -4.988233e+00, -4.988233e+00, 2.000000, 1.010873e+00, 7.277306e-01, 
291, 6.394894e-01, 5.675250e-02, -4.676517e+00, -4.676517e+00, 2.000000, 1.010873e+00, 7.277306e-01, 
292, 6.394894e-01, 5.675250e-02, -4.676517e+00, -5.135109e+00, 2.000000, 1.010873e+00, 7.277306e-01, 
293, 1.386514e+00, 1.232282e-01, -4.659630e+00, -4.659630e+00, 2.000000, 1.010873e+00, 7.277306e-01, 
294, 9.375458e-01, 1.699368e-01, -5.778305e+00, -5.778305e+00, 2.000000, 1.010873e+00, 7.277306e-01, 
295, 9.375458e-01, 1.699368e-01, -5.778305e+00, -8.665166e+00, 2.000000, 1.010873e+00, 7.277306e-01, 
296, 9.923539e-01, 1.370405e-01, -4.944917e+00, -4.944917e+00, 2.000000, 1.010873e+00, 7.277306e-01, 
297, 9.923539e-01, 1.370405e-01, -4.944917e+00, -6.194744e+00, 2.000000, 1.010873e+00, 7.277306e-01, 
298, 9.923539e-01, 1.370405e-01, -4.944917e+00, -5.601593e+00, 2.000000, 1.010873e+00, 7.277306e-01, 
299, 3.820277e-01, 7.012845e-02, -3.036555e+00, -3.036555e+00, 2.000000, 1.010873e+00, 7.277306e-01, 
300, 3.820277e-01, 7.012845e-02, -3.036555e+00, -3.367116e+01, 2.000000, 1.010873e+00, 7.277306e-01, 
301, 3.820277e-01, 7.012845e-02, -3.036555e+00, -2.693331e+01, 2.000000, 1.010873e+00, 7.277306e-01, 
302, 3.820277e-01, 7.012845e-02, -3.036555e+00, -3.852413e+00, 3.000000, 1.347830e+00, 9.703075e-01, 
303, 3.820277e-01, 7.012845e-02, -3.036555e+00, -4.624670e+00, 3.000000, 1.347830e+00, 9.703075e-01, 
304, 3.820277e-01, 7.012845e-02, -3.036555e+00, -1.432201e+02, 3.000000, 1.347830e+00, 9.703075e-01, 
305, 3.820277e-01, 7.012845e-02, -3.036555e+00, -4.753026e+00, 3.000000, 1.347830e+00, 9.703075e-01, 
306, 3.820277e-01, 7.012845e-02, -3.036555e+00, -4.502250e+00, 3.000000, 1.347830e+00, 9.703075e-01, 
307, 3.820277e-01, 7.012845e-02, -3.036555e+00, -8.182475e+03, 3.000000, 1.347830e+00, 9.703075e-01, 
308, 3.820277e-01, 7.012845e-02, -3.036555e+00, -1.404368e+04, 3.000000, 1.347830e+00, 9.703075e-01, 
309, 3.820277e-01, 7.012845e-02, -3.036555e+00, -5.479027e+00, 3.000000, 1.347830e+00, 9.703075e-01, 
310, 3.820277e-01, 7.012845e-02, -3.036555e+00, -6.406690e+00, 3.000000, 1.347830e+00, 9.703075e-01, 
311, 3.820277e-01, 7.012845e-02, -3.036555e+00, -2.263632e+02, 3.000000, 1.347830e+00, 9.703075e-01, 
312, 3.820277e-01, 7.012845e-02, -3.036555e+00, -9.811932e+00, 3.000000, 1.347830e+00, 9.703075e-01, 
313, 3.820277e-01, 7.012845e-02, -3.036555e+00, -5.921541e+00, 3.000000, 1.347830e+00, 9.703075e-01, 
314, 3.820277e-01, 7.012845e-02, -3.036555e+00, -7.628613e+00, 3.000000, 1.347830e+00, 9.703075e-01, 
315, 3.820277e-01, 7.012845e-02, -3.036555e+00, -8.331055e+00, 3.000000, 1.347830e+00, 9.703075e-01, 
316, 3.820277e-01, 7.012845e-02, -3.036555e+00, -9.169635e+02, 3.000000, 1.347830e+00, 9.703075e-01, 
317, 3.820277e-01, 7.012845e-02, -3.036555e+00, -3.223458e+01, 3.000000, 1.347830e+00, 9.703075e-01, 
318, 3.820277e-01, 7.012845e-02, -3.036555e+00, -4.327209e+00, 3.000000, 1.347830e+00, 9.703075e-01, 
319, 3.820277e-01, 7.012845e-02, -3.036555e+00, -6.428069e+00, 3.000000, 1.347830e+00, 9.703075e-01, 
320, 3.820277e-01, 7.012845e-02, -3.036555e+00, -2.268245e+03, 3.000000, 1.347830e+00, 9.703075e-01, 
321, 3.820277e-01, 7.012845e-02, -3.036555e+00, -2.562983e+01, 3.000000, 1.347830e+00, 9.703075e-01, 
322, 3.820277e-01, 7.012845e-02, -3.036555e+00, -8.052186e+00, 3.000000, 1.347830e+00, 9.703075e-01, 
323, 3.820277e-01, 7.012845e-02, -3.036555e+00, -1.288222e+01, 3.000000, 1.347830e+00, 9.703075e-01, 
324, 3.820277e-01, 7.012845e-02, -3.036555e+00, -1.806409e+01, 3.000000, 1.347830e+00, 9.703075e-01, 
325, 3.820277e-01, 7.012845e-02, -3.036555e+00, -3.699477e+02, 3.000000, 1.347830e+00, 9.703075e-01, 
326, 3.820277e-01, 7.012845e-02, -3.036555e+00, -7.486506e+00, 3.000000, 1.347830e+00, 9.703075e-01, 
327, 1.693309e+00, 3.201364e-01, -5.103197e+00, -5.103197e+00, 3.000000, 1.347830e+00, 9.703075e-01, 
328, 1.693309e+00, 3.201364e-01, -5.103197e+00, -5.881949e+00, 3.000000, 1.347830e+00, 9.703075e-01, 
329, 1.693309e+00, 3.201364e-01, -5.103197e+00, -1.023829e+01, 3.000000, 1.347830e+00, 9.703075e-01, 
330, 1.708559e+00, 1.829702e-01, -4.976854e+00, -4.976854e+00, 3.000000, 1.347830e+00, 9.703075e-01, 
331, 1.708559e+00, 1.829702e-01, -4.976854e+00, -1.013898e+01, 3.000000, 1.347830e+00, 9.703075e-01, 
332, 1.708559e+00, 1.829702e-01, -4.976854e+00, -7.268036e+00, 3.000000, 1.347830e+00, 9.703075e-01, 
333, 3.390581e-01, 5.720516e-02, -5.530290e+00, -5.530290e+00, 3.000000, 1.347830e+00, 9.703075e-01, 
334, 3.390581e-01, 5.720516e-02, -5.530290e+00, -1.285506e+02, 3.000000, 1.347830e+00, 9.703075e-01, 
335, 3.390581e-01, 5.720516e-02, -5.530290e+00, -1.285506e+02, 3.000000, 1.347830e+00, 9.703075e-01, 
336, 3.390581e-01, 5.720516e-02, -5.530290e+00, -1.031005e+02, 3.000000, 1.347830e+00, 9.703075e-01, 
337, 5.212519e-01, 8.895519e-02, -3.650525e+00, -3.650525e+00, 3.000000, 1.347830e+00, 9.703075e-01, 
338, 5.212519e-01, 8.895519e-02, -3.650525e+00, -5.013070e+00, 3.000000, 1.347830e+00, 9.703075e-01, 
339, 5.212519e-01, 8.895519e-02, -3.650525e+00, -3.881712e+02, 3.000000, 1.347830e+00, 9.703075e-01, 
340, 5.212519e-01, 8.895519e-02, -3.650525e+00, -2.840703e+01, 3.000000, 1.347830e+00, 9.703075e-01, 
341, 5.212519e-01, 8.895519e-02, -3.650525e+00, -4.909496e+00, 3.000000, 1.347830e+00, 9.703075e-01, 
342, 1.648756e+00, 4.385032e-02, -6.307189e+00, -6.307189e+00, 3.000000, 1.347830e+00, 9.703075e-01, 
343, 1.648756e+00, 4.385032e-02, -6.307189e+00, -2.283302e+01, 3.000000, 1.347830e+00, 9.703075e-01, 
344, 1.648756e+00, 4.385032e-02, -6.307189e+00, -7.800392e+00, 3.000000, 1.347830e+00, 9.703075e-01, 
345, 1.648756e+00, 4.385032e-02, -6.307189e+00, -1.193179e+01, 3.000000, 1.347830e+00, 9.703075e-01, 
346, 1.648756e+00, 4.385032e-02, -6.307189e+00, -7.648708e+00, 3.000000, 1.347830e+00, 9.703075e-01, 
347, 3.895653e-01, 4.764952e-02, -8.928734e+00, -8.928734e+00, 3.000000, 1.347830e+00, 9.703075e-01, 
348, 4.789724e-01, 9.634927e-02, -4.248880e+00, -4.248880e+00, 3.000000, 1.347830e+00, 9.703075e-01, 
349, 4.789724e-01, 9.634927e-02, -4.248880e+00, -7.909791e+00, 3.000000, 1.347830e+00, 9.703075e-01, 
350, 4.789724e-01, 9.634927e-02, -4.248880e+00, -3.987126e+01, 3.000000, 1.347830e+00, 9.703075e-01, 
351, 4.789724e-01, 9.634927e-02, -4.248880e+00, -1.089846e+03, 3.000000, 1.347830e+00, 9.703075e-01, 
352, 4.789724e-01, 9.634927e-02, -4.248880e+00, -9.533065e+00, 3.000000, 1.010873e+00, 7.277306e-01, 
353, 1.131510e+00, 8.628582e-02, -4.287992e+00, -4.287992e+00, 3.000000, 1.010873e+00, 7.277306e-01, 
354, 4.031666e-01, 5.737978e-02, -4.991878e+00, -4.991878e+00, 3.000000, 1.010873e+00, 7.277306e-01, 
355, 4.031666e-01, 5.737978e-02, -4.991878e+00, -3.678399e+01, 3.000000, 1.010873e+00, 7.277306e-01, 
356, 4.031666e-01, 5.737978e-02, -4.991878e+00, -1.060451e+01, 3.000000, 1.010873e+00, 7.277306e-01, 
357, 4.031666e-01, 5.737978e-02, -4.991878e+00, -8.045707e+00, 3.000000, 1.010873e+00, 7.277306e-01, 
358, 3.085462e-01, 5.584536e-02, -6.534334e+00, -6.534334e+00, 3.000000, 1.010873e+00, 7.277306e-01, 
359, 3.085462e-01, 5.584536e-02, -6.534334e+00, -1.920223e+01, 3.000000, 1.010873e+00, 7.277306e-01, 
360, 1.381227e+00, 2.787376e-01, -5.381200e+00, -5.381200e+00, 3.000000, 1.010873e+00, 7.277306e-01, 
361, 1.450256e+00, 3.700964e-01, -5.328184e+00, -5.328184e+00, 3.000000, 1.010873e+00, 7.277306e-01, 
362, 1.450256e+00, 3.700964e-01, -5.328184e+00, -1.458846e+01, 3.000000, 1.010873e+00, 7.277306e-01, 
363, 1.436991e+00, 4.617874e-01, -5.353696e+00, -5.353696e+00, 3.000000, 1.010873e+00, 7.277306e-01, 
364, 1.684622e+00, 3.950131e-01, -5.104264e+00, -5.104264e+00, 3.000000, 1.010873e+00, 7.277306e-01, 
365, 1.414401e+00, 2.085162e-01, -5.169238e+00, -5.169238e+00, 3.000000, 1.010873e+00, 7.277306e-01, 
366, 3.351661e-01, 7.258726e-02, -2.781938e+00, -2.781938e+00, 3.000000, 1.010873e+00, 7.277306e-01, 
367, 3.351661e-01, 7.258726e-02, -2.781938e+00, -1.033404e+01, 3.000000, 1.010873e+00, 7.277306e-01, 
368, 3.351661e-01, 7.258726e-02, -2.781938e+00, -1.271843e+01, 3.000000, 1.010873e+00, 7.277306e-01, 
369, 1.490903e-01, 7.082038e-02, -2.253776e+00, -2.253776e+00, 3.000000, 1.010873e+00, 7.277306e-01, 
370, 1.490903e-01, 7.082038e-02, -2.253776e+00, -3.268856e+02, 3.000000, 1.010873e+00, 7.277306e-01, 
371, 1.490903e-01, 7.082038e-02, -2.253776e+00, -1.299566e+01, 3.000000, 1.010873e+00, 7.277306e-01, 
372, 1.490903e-01, 7.082038e-02, -2.253776e+00, -1.441264e+01, 3.000000, 1.010873e+00, 7.277306e-01, 
373, 1.490903e-01, 7.082038e-02, -2.253776e+00, -6.153081e+03, 3.000000, 1.010873e+00, 7.277306e-01, 
374, 1.490903e-01, 7.082038e-02, -2.253776e+00, -7.727651e+01, 3.000000, 1.010873e+00, 7.277306e-01, 
375, 1.490903e-01, 7.082038e-02, -2.253776e+00, -3.908589e+00, 3.000000, 1.010873e+00, 7.277306e-01, 
376, 1.490903e-01, 7.082038e-02, -2.253776e+00, -3.859363e+01, 3.000000, 1.010873e+00, 7.277306e-01, 
377, 1.490903e-01, 7.082038e-02, -2.253776e+00, -2.114531e+03, 3.000000, 1.010873e+00, 7.277306e-01, 
378, 1.490903e-01, 7.082038e-02, -2.253776e+00, -3.999630e+01, 3.000000, 1.010873e+00, 7.277306e-01, 
379, 1.560072e+00, 4.847866e-02, -5.922477e+00, -5.922477e+00, 3.000000, 1.010873e+00, 7.277306e-01, 
380, 1.448676e+00, 4.124388e-02, -6.446243e+00, -6.446243e+00, 3.000000, 1.010873e+00, 7.277306e-01, 
381, 3.860562e-01, 5.338983e-02, -6.395273e+00, -6.395273e+00, 3.000000, 1.010873e+00, 7.277306e-01, 
382, 7.369434e-01, 1.130338e-01, -4.640609e+00, -4.640609e+00, 3.000000, 1.010873e+00, 7.277306e-01, 
383, 7.369434e-01, 1.130338e-01, -4.640609e+00, -5.280692e+00, 3.000000, 1.010873e+00, 7.277306e-01, 
384, 7.369434e-01, 1.130338e-01, -4.640609e+00, -2.649441e+01, 3.000000, 1.010873e+00, 7.277306e-01, 
385, 7.369434e-01, 1.130338e-01, -4.640609e+00, -2.558735e+02, 3.000000, 1.010873e+00, 7.277306e-01, 
386, 1.167949e+00, 1.135042e-01, -4.487657e+00, -4.487657e+00, 3.000000, 1.010873e+00, 7.277306e-01, 
387, 1.167949e+00, 1.135042e-01, -4.487657e+00, -5.862191e+00, 3.000000, 1.010873e+00, 7.277306e-01, 
388, 2.309242e-01, 6.483990e-02, -3.801453e+00, -3.801453e+00, 3.000000, 1.010873e+00, 7.277306e-01, 
389, 2.309242e-01, 6.483990e-02, -3.801453e+00, -1.264460e+02, 3.000000, 1.010873e+00, 7.277306e-01, 
390, 2.309242e-01, 6.483990e-02, -3.801453e+00, -1.084161e+01, 3.000000, 1.010873e+00, 7.277306e-01, 
391, 2.309242e-01, 6.483990e-02, -3.801453e+00, -8.148029e+00, 3.000000, 1.010873e+00, 7.277306e-01, 
392, 2.309242e-01, 6.483990e-02, -3.801453e+00, -8.174394e+00, 3.000000, 1.010873e+00, 7.277306e-01, 
393, 2.309242e-01, 6.483990e-02, -3.801453e+00, -8.627218e+01, 3.000000, 1.010873e+00, 7.277306e-01, 
394, 2.309242e-01, 6.483990e-02, -3.801453e+00, -4.992998e+00, 3.000000, 1.010873e+00, 7.277306e-01, 
395, 2.311975e-01, 9.581266e-02, -7.897162e+00, -7.897162e+00, 3.000000, 1.010873e+00, 7.277306e-01, 
396, 2.311975e-01, 9.581266e-02, -7.897162e+00, -3.077405e+02, 3.000000, 1.010873e+00, 7.277306e-01, 
397, 3.356439e-01, 1.047432e-01, -7.109840e+00, -7.109840e+00, 3.000000, 1.010873e+00, 7.277306e-01, 
398, 6.000893e-01, 7.258218e-02, -3.500384e+00, -3.500384e+00, 3.000000, 1.010873e+00, 7.277306e-01, 
399, 6.000893e-01, 7.258218e-02, -3.500384e+00, -2.419176e+01, 3.000000, 1.010873e+00, 7.277306e-01, 
400, 6.000893e-01, 7.258218e-02, -3.500384e+00, -3.768234e+02, 3.000000, 1.010873e+00, 7.277306e-01, 
401, 6.000893e-01, 7.258218e-02, -3.500384e+00, -1.389232e+01, 3.000000, 1.010873e+00, 7.277306e-01, 
402, 6.000893e-01, 7.258218e-02, -3.500384e+00, -9.184099e+00, 9.000000, 1.347830e+00, 9.703075e-01, 
403, 1.072085e-01, 7.608344e-02, -2.277800e+00, -2.277800e+00, 9.000000, 1.347830e+00, 9.703075e-01, 
404, 1.072085e-01, 7.608344e-02, -2.277800e+00, -1.925383e+02, 9.000000, 1.347830e+00, 9.703075e-01, 
405, 1.072085e-01, 7.608344e-02, -2.277800e+00, -1.938242e+01, 9.000000, 1.347830e+00, 9.703075e-01, 
406, 1.072085e-01, 7.608344e-02, -2.277800e+00, -3.042754e+01, 9.000000, 1.347830e+00, 9.703075e-01, 
407, 1.072085e-01, 7.608344e-02, -2.277800e+00, -8.121220e+02, 9.000000, 1.347830e+00, 9.703075e-01, 
408, 1.072085e-01, 7.608344e-02, -2.277800e+00, -1.295588e+02, 9.000000, 1.347830e+00, 9.703075e-01, 
409, 1.072085e-01, 7.608344e-02, -2.277800e+00, -6.361239e+00, 9.000000, 1.347830e+00, 9.703075e-01, 
410, 1.072085e-01, 7.608344e-02, -2.277800e+00, -6.205524e+02, 9.000000, 1.347830e+00, 9.703075e-01, 
411, 1.072085e-01, 7.608344e-02, -2.277800e+00, -6.707890e+02, 9.000000, 1.347830e+00, 9.703075e-01, 
412, 1.072085e-01, 7.608344e-02, -2.277800e+00, -6.777822e+01, 9.000000, 1.347830e+00, 9.703075e-01, 
413, 1.072085e-01, 7.608344e-02, -2.277800e+00, -2.350211e+01, 9.000000, 1.347830e+00, 9.703075e-01, 
414, 7.150606e-02, 7.557780e-02, -2.366719e+00, -2.366719e+00, 9.000000, 1.347830e+00, 9.703075e-01, 
415, 7.150606e-02, 7.557780e-02, -2.366719e+00, -1.926921e+04, 9.000000, 1.347830e+00, 9.703075e-01, 
416, 7.150606e-02, 7.557780e-02, -2.366719e+00, -4.339944e+02, 9.000000, 1.347830e+00, 9.703075e-01, 
417, 7.150606e-02, 7.557780e-02, -2.366719e+00, -8.206389e+01, 9.000000, 1.347830e+00, 9.703075e-01, 
418, 7.150606e-02, 7.557780e-02, -2.366719e+00, -1.207158e+04, 9.000000, 1.347830e+00, 9.703075e-01, 
419, 7.150606e-02, 7.557780e-02, -2.366719e+00, -1.895020e+01, 9.000000, 1.347830e+00, 9.703075e-01, 
420, 7.150606e-02, 7.557780e-02, -2.366719e+00, -3.200039e+00, 9.000000, 1.347830e+00, 9.703075e-01, 
421, 7.150606e-02, 7.557780e-02, -2.366719e+00, -2.344529e+01, 9.000000, 1.347830e+00, 9.703075e-01, 
422, 7.150606e-02, 7.557780e-02, -2.366719e+00, -1.155342e+03, 9.000000, 1.347830e+00, 9.703075e-01, 
423, 7.150606e-02, 7.557780e-02, -2.366719e+00, -2.062169e+03, 9.000000, 1.347830e+00, 9.703075e-01, 
424, 7.150606e-02, 7.557780e-02, -2.366719e+00, -1.438167e+01, 9.000000, 1.347830e+00, 9.703075e-01, 
425, 7.150606e-02, 7.557780e-02, -2.366719e+00, -2.012045e+01, 9.000000, 1.347830e+00, 9.703075e-01, 
426, 7.150606e-02, 7.557780e-02, -2.366719e+00, -5.588044e+03, 9.000000, 1.347830e+00, 9.703075e-01, 
427, 7.150606e-02, 7.557780e-02, -2.366719e+00, -7.804212e+02, 9.000000, 1.347830e+00, 9.703075e-01, 
428, 7.150606e-02, 7.557780e-02, -2.366719e+00, -1.399038e+02, 9.000000, 1.347830e+00, 9.703075e-01, 
429, 7.150606e-02, 7.557780e-02, -2.366719e+00, -4.504835e+02, 9.000000, 1.347830e+00, 9.703075e-01, 
430, 7.150606e-02, 7.557780e-02, -2.366719e+00, -6.291071e+03, 9.000000, 1.347830e+00, 9.703075e-01, 
431, 7.150606e-02, 7.557780e-02, -2.366719e+00, -3.213308e+00, 9.000000, 1.347830e+00, 9.703075e-01, 
432, 7.150606e-02, 7.557780e-02, -2.366719e+00, -6.089534e+01, 9.000000, 1.347830e+00, 9.703075e-01, 
433, 7.150606e-02, 7.557780e-02, -2.366719e+00, -1.012787e+04, 9.000000, 1.347830e+00, 9.703075e-01, 
434, 7.150606e-02, 7.557780e-02, -2.366719e+00, -4.076357e+05, 9.000000, 1.347830e+00, 9.703075e-01, 
435, 7.150606e-02, 7.557780e-02, -2.366719e+00, -2.794398e+02, 9.000000, 1.347830e+00, 9.703075e-01, 
436, 2.373173e-01, 6.999416e-02, -2.628140e+00, -2.628140e+00, 9.000000, 1.347830e+00, 9.703075e-01, 
437, 2.373173e-01, 6.999416e-02, -2.628140e+00, -5.599483e+02, 9.000000, 1.347830e+00, 9.703075e-01, 
438, 2.373173e-01, 6.999416e-02, -2.628140e+00, -6.882424e+01, 9.000000, 1.347830e+00, 9.703075e-01, 
439, 2.373173e-01, 6.999416e-02, -2.628140e+00, -5.176218e+00, 9.000000, 1.347830e+00, 9.703075e-01, 
440, 2.373173e-01, 6.999416e-02, -2.628140e+00, -1.074062e+01, 9.000000, 1.347830e+00, 9.703075e-01, 
441, 2.373173e-01, 6.999416e-02, -2.628140e+00, -2.604083e+02, 9.000000, 1.347830e+00, 9.703075e-01, 
442, 2.002112e-01, 6.980698e-02, -2.562312e+00, -2.562312e+00, 9.000000, 1.347830e+00, 9.703075e-01, 
443, 2.002112e-01, 6.980698e-02, -2.562312e+00, -9.347960e+00, 9.000000, 1.347830e+00, 9.703075e-01, 
444, 2.002112e-01, 6.980698e-02, -2.562312e+00, -9.369858e+00, 9.000000, 1.347830e+00, 9.703075e-01, 
445, 2.002112e-01, 6.980698e-02, -2.562312e+00, -1.143410e+03, 9.000000, 1.347830e+00, 9.703075e-01, 
446, 2.002112e-01, 6.980698e-02, -2.562312e+00, -1.154075e+01, 9.000000, 1.347830e+00, 9.703075e-01, 
447, 2.002112e-01, 6.980698e-02, -2.562312e+00, -6.072270e+00, 9.000000, 1.347830e+00, 9.703075e-01, 
448, 2.002112e-01, 6.980698e-02, -2.562312e+00, -2.682776e+01, 9.000000, 1.347830e+00, 9.703075e-01, 
449, 2.002112e-01, 6.980698e-02, -2.562312e+00, -7.137214e+03, 9.000000, 1.347830e+00, 9.703075e-01, 
450, 2.002112e-01, 6.980698e-02, -2.562312e+00, -2.970759e+01, 9.000000, 1.347830e+00, 9.703075e-01, 
451, 2.002112e-01, 6.980698e-02, -2.562312e+00, -1.126014e+01, 9.000000, 1.347830e+00, 9.703075e-01, 
452, 2.002112e-01, 6.980698e-02, -2.562312e+00, -2.101319e+03, 3.000000, 1.010873e+00, 7.277306e-01, 
453, 1.372130e-01, 7.232881e-02, -1.970994e+00, -1.970994e+00, 3.000000, 1.010873e+00, 7.277306e-01, 
454, 1.372130e-01, 7.232881e-02, -1.970994e+00, -4.832538e+00, 3.000000, 1.010873e+00, 7.277306e-01, 
455, 1.372130e-01, 7.232881e-02, -1.970994e+00, -1.974986e+01, 3.000000, 1.010873e+00, 7.277306e-01, 
456, 1.372130e-01, 7.232881e-02, -1.970994e+00, -4.906011e+02, 3.000000, 1.010873e+00, 7.277306e-01, 
457, 1.372130e-01, 7.232881e-02, -1.970994e+00, -2.233380e+02, 3.000000, 1.010873e+00, 7.277306e-01, 
458, 1.372130e-01, 7.232881e-02, -1.970994e+00, -6.108651e+00, 3.000000, 1.010873e+00, 7.277306e-01, 
459, 1.372130e-01, 7.232881e-02, -1.970994e+00, -6.899277e+00, 3.000000, 1.010873e+00, 7.277306e-01, 
460, 1.372130e-01, 7.232881e-02, -1.970994e+00, -1.723908e+03, 3.000000, 1.010873e+00, 7.277306e-01, 
461, 1.372130e-01, 7.232881e-02, -1.970994e+00, -7.371737e+00, 3.000000, 1.010873e+00, 7.277306e-01, 
462, 1.372130e-01, 7.232881e-02, -1.970994e+00, -1.488443e+01, 3.000000, 1.010873e+00, 7.277306e-01, 
463, 1.372130e-01, 7.232881e-02, -1.970994e+00, -9.542232e+01, 3.000000, 1.010873e+00, 7.277306e-01, 
464, 1.372130e-01, 7.232881e-02, -1.970994e+00, -1.395528e+02, 3.000000, 1.010873e+00, 7.277306e-01, 
465, 1.372130e-01, 7.232881e-02, -1.970994e+00, -1.536013e+01, 3.000000, 1.010873e+00, 7.277306e-01, 
466, 1.372130e-01, 7.232881e-02, -1.970994e+00, -2.997474e+01, 3.000000, 1.010873e+00, 7.277306e-01, 
467, 1.372130e-01, 7.232881e-02, -1.970994e+00, -3.630423e+03, 3.000000, 1.010873e+00, 7.277306e-01, 
468, 1.372130e-01, 7.232881e-02, -1.970994e+00, -6.180631e+02, 3.000000, 1.010873e+00, 7.277306e-01, 
469, 1.372130e-01, 7.232881e-02, -1.970994e+00, -3.164314e+00, 3.000000, 1.010873e+00, 7.277306e-01, 
470, 3.112513e-01, 7.261601e-02, -2.699467e+00, -2.699467e+00, 3.000000, 1.010873e+00, 7.277306e-01, 
471, 3.112513e-01, 7.261601e-02, -2.699467e+00, -1.135413e+01, 3.000000, 1.010873e+00, 7.277306e-01, 
472, 3.112513e-01, 7.261601e-02, -2.699467e+00, -2.985387e+01, 3.000000, 1.010873e+00, 7.277306e-01, 
473, 3.112513e-01, 7.261601e-02, -2.699467e+00, -4.940111e+00, 3.000000, 1.010873e+00, 7.277306e-01, 
474, 3.112513e-01, 7.261601e-02, -2.699467e+00, -2.108571e+01, 3.000000, 1.010873e+00, 7.277306e-01, 
475, 3.112513e-01, 7.261601e-02, -2.699467e+00, -5.082163e+01, 3.000000, 1.010873e+00, 7.277306e-01, 
476, 3.112513e-01, 7.261601e-02, -2.699467e+00, -7.170696e+00, 3.000000, 1.010873e+00, 7.277306e-01, 
477, 3.112513e-01, 7.261601e-02, -2.699467e+00, -3.420220e+01, 3.000000, 1.010873e+00, 7.277306e-01, 
478, 3.112513e-01, 7.261601e-02, -2.699467e+00, -1.182627e+01, 3.000000, 1.010873e+00, 7.277306e-01, 
479, 3.112513e-01, 7.261601e-02, -2.699467e+00, -2.165733e+02, 3.000000, 1.010873e+00, 7.277306e-01, 
480, 3.112513e-01, 7.261601e-02, -2.699467e+00, -8.911898e+00, 3.000000, 1.010873e+00, 7.277306e-01, 
481, 2.514530e-01, 6.801637e-02, -2.953260e+00, -2.953260e+00, 3.000000, 1.010873e+00, 7.277306e-01, 
482, 2.514530e-01, 6.801637e-02, -2.953260e+00, -3.024280e+01, 3.000000, 1.010873e+00, 7.277306e-01, 
483, 2.514530e-01, 6.801637e-02, -2.953260e+00, -1.059297e+02, 3.000000, 1.010873e+00, 7.277306e-01, 
484, 2.514530e-01, 6.801637e-02, -2.953260e+00, -7.959326e+02, 3.000000, 1.010873e+00, 7.277306e-01, 
485, 2.514530e-01, 6.801637e-02, -2.953260e+00, -2.302639e+01, 3.000000, 1.010873e+00, 7.277306e-01, 
486, 2.514530e-01, 6.801637e-02, -2.953260e+00, -5.372011e+00, 3.000000, 1.010873e+00, 7.277306e-01, 
487, 2.514530e-01, 6.801637e-02, -2.953260e+00, -1.282333e+01, 3.000000, 1.010873e+00, 7.277306e-01, 
488, 2.514530e-01, 6.801637e-02, -2.953260e+00, -3.226202e+01, 3.000000, 1.010873e+00, 7.277306e-01, 
489, 2.514530e-01, 6.801637e-02, -2.953260e+00, -4.013665e+00, 3.000000, 1.010873e+00, 7.277306e-01, 
490, 2.514530e-01, 6.801637e-02, -2.953260e+00, -1.082151e+01, 3.000000, 1.010873e+00, 7.277306e-01, 
491, 2.514530e-01, 6.801637e-02, -2.953260e+00, -4.322303e+01, 3.000000, 1.010873e+00, 7.277306e-01, 
492, 2.514530e-01, 6.801637e-02, -2.953260e+00, -7.849972e+01, 3.000000, 1.010873e+00, 7.277306e-01, 
493, 2.514530e-01, 6.801637e-02, -2.953260e+00, -8.872008e+00, 3.000000, 1.010873e+00, 7.277306e-01, 
494, 2.514530e-01, 6.801637e-02, -2.953260e+00, -2.837066e+01, 3.000000, 1.010873e+00, 7.277306e-01, 
495, 2.514530e-01, 6.801637e-02, -2.953260e+00, -2.450362e+03, 3.000000, 1.010873e+00, 7.277306e-01, 
496, 2.514530e-01, 6.801637e-02, -2.953260e+00, -3.131819e+01, 3.000000, 1.010873e+00, 7.277306e-01, 
497, 2.514530e-01, 6.801637e-02, -2.953260e+00, -3.868566e+00, 3.000000, 1.010873e+00, 7.277306e-01, 
498, 3.016392e-01, 7.151615e-02, -2.711260e+00, -2.711260e+00, 3.000000, 1.010873e+00, 7.277306e-01, 
499, 3.016392e-01, 7.151615e-02, -2.711260e+00, -6.006424e+02, 3.000000, 1.010873e+00, 7.277306e-01, 
500, 3.016392e-01, 7.151615e-02, -2.711260e+00, -3.259932e+01, 3.000000, 1.010873e+00, 7.277306e-01, 
501, 3.016392e-01, 7.151615e-02, -2.711260e+00, -5.634687e+00, 3.000000, 1.010873e+00, 7.277306e-01, 
502, 3.016392e-01, 7.151615e-02, -2.711260e+00, -1.033890e+01, 15.000000, 7.581546e-01, 5.457979e-01, 
503, 1.688330e-01, 6.923840e-02, -2.659048e+00, -2.659048e+00, 15.000000, 7.581546e-01, 5.457979e-01, 
504, 1.688330e-01, 6.923840e-02, -2.659048e+00, -5.913250e+00, 15.000000, 7.581546e-01, 5.457979e-01, 
505, 1.688330e-01, 6.923840e-02, -2.659048e+00, -7.202703e+00, 15.000000, 7.581546e-01, 5.457979e-01, 
506, 1.688330e-01, 6.923840e-02, -2.659048e+00, -2.352481e+01, 15.000000, 7.581546e-01, 5.457979e-01, 
507, 1.688330e-01, 6.923840e-02, -2.659048e+00, -2.603423e+03, 15.000000, 7.581546e-01, 5.457979e-01, 
508, 1.688330e-01, 6.923840e-02, -2.659048e+00, -6.514205e+00, 15.000000, 7.581546e-01, 5.457979e-01, 
509, 1.688330e-01, 6.923840e-02, -2.659048e+00, -4.624108e+00, 15.000000, 7.581546e-01, 5.457979e-01, 
510, 1.688330e-01, 6.923840e-02, -2.659048e+00, -4.977459e+03, 15.000000, 7.581546e-01, 5.457979e-01, 
511, 1.688330e-01, 6.923840e-02, -2.659048e+00, -9.183560e+01, 15.000000, 7.581546e-01, 5.457979e-01, 
512, 1.688330e-01, 6.923840e-02, -2.659048e+00, -5.270997e+00, 15.000000, 7.581546e-01, 5.457979e-01, 
513, 1.688330e-01, 6.923840e-02, -2.659048e+00, -2.475579e+01, 15.000000, 7.581546e-01, 5.457979e-01, 
514, 6.402802e-02, 7.572920e-02, -2.680658e+00, -2.680658e+00, 15.000000, 7.581546e-01, 5.457979e-01, 
515, 6.402802e-02, 7.572920e-02, -2.680658e+00, -3.166862e+02, 15.000000, 7.581546e-01, 5.457979e-01, 
516, 6.402802e-02, 7.572920e-02, -2.680658e+00, -1.620527e+01, 15.000000, 7.581546e-01, 5.457979e-01, 
517, 6.402802e-02, 7.572920e-02, -2.680658e+00, -4.160643e+02, 15.000000, 7.581546e-01, 5.457979e-01, 
518, 6.402802e-02, 7.572920e-02, -2.680658e+00, -4.878301e+02, 15.000000, 7.581546e-01, 5.457979e-01, 
519, 6.402802e-02, 7.572920e-02, -2.680658e+00, -7.893307e+00, 15.000000, 7.581546e-01, 5.457979e-01, 
520, 1.674782e-01, 7.033616e-02, -2.395066e+00, -2.395066e+00, 15.000000, 7.581546e-01, 5.457979e-01, 
521, 1.674782e-01, 7.033616e-02, -2.395066e+00, -2.888566e+02, 15.000000, 7.581546e-01, 5.457979e-01, 
522, 1.674782e-01, 7.033616e-02, -2.395066e+00, -3.380050e+03, 15.000000, 7.581546e-01, 5.457979e-01, 
523, 1.674782e-01, 7.033616e-02, -2.395066e+00, -3.037408e+01, 15.000000, 7.581546e-01, 5.457979e-01, 
524, 1.674782e-01, 7.033616e-02, -2.395066e+00, -1.594381e+01, 15.000000, 7.581546e-01, 5.457979e-01, 
525, 1.674782e-01, 7.033616e-02, -2.395066e+00, -1.012897e+01, 15.000000, 7.581546e-01, 5.457979e-01, 
526, 1.674782e-01, 7.033616e-02, -2.395066e+00, -2.979670e+01, 15.000000, 7.581546e-01, 5.457979e-01, 
527, 1.674782e-01, 7.033616e-02, -2.395066e+00, -7.486648e+00, 15.000000, 7.581546e-01, 5.457979e-01, 
528, 1.674782e-01, 7.033616e-02, -2.395066e+00, -4.371091e+00, 15.000000, 7.581546e-01, 5.457979e-01, 
529, 5.837734e-02, 7.514568e-02, -2.290319e+00, -2.290319e+00, 15.000000, 7.581546e-01, 5.457979e-01, 
530, 5.837734e-02, 7.514568e-02, -2.290319e+00, -2.886204e+02, 15.000000, 7.581546e-01, 5.457979e-01, 
531, 5.837734e-02, 7.514568e-02, -2.290319e+00, -4.432553e+00, 15.000000, 7.581546e-01, 5.457979e-01, 
532, 5.837734e-02, 7.514568e-02, -2.290319e+00, -3.397039e+02, 15.000000, 7.581546e-01, 5.457979e-01, 
533, 5.837734e-02, 7.514568e-02, -2.290319e+00, -1.914278e+03, 15.000000, 7.581546e-01, 5.457979e-01, 
534, 5.837734e-02, 7.514568e-02, -2.290319e+00, -3.116823e+02, 15.000000, 7.581546e-01, 5.457979e-01, 
535, 5.837734e-02, 7.514568e-02, -2.290319e+00, -1.239116e+01, 15.000000, 7.581546e-01, 5.457979e-01, 
536, 4.471849e-02, 7.200092e-02, -1.924277e+00, -1.924277e+00, 15.000000, 7.581546e-01, 5.457979e-01, 
537, 4.471849e-02, 7.200092e-02, -1.924277e+00, -1.224419e+01, 15.000000, 7.581546e-01, 5.457979e-01, 
538, 4.471849e-02, 7.200092e-02, -1.924277e+00, -4.093442e+02, 15.000000, 7.581546e-01, 5.457979e-01, 
539, 4.471849e-02, 7.200092e-02, -1.924277e+00, -4.425280e+02, 15.000000, 7.581546e-01, 5.457979e-01, 
540, 4.471849e-02, 7.200092e-02, -1.924277e+00, -1.213121e+03, 15.000000, 7.581546e-01, 5.457979e-01, 
541, 4.471849e-02, 7.200092e-02, -1.924277e+00, -9.201089e+02, 15.000000, 7.581546e-01, 5.457979e-01, 
542, 4.471849e-02, 7.200092e-02, -1.924277e+00, -5.412730e+00, 15.000000, 7.581546e-01, 5.457979e-01, 
543, 4.471849e-02, 7.200092e-02, -1.924277e+00, -1.752503e+02, 15.000000, 7.581546e-01, 5.457979e-01, 
544, 4.471849e-02, 7.200092e-02, -1.924277e+00, -2.965848e+03, 15.000000, 7.581546e-01, 5.457979e-01, 
545, 4.471849e-02, 7.200092e-02, -1.924277e+00, -2.310623e+02, 15.000000, 7.581546e-01, 5.457979e-01, 
546, 4.471849e-02, 7.200092e-02, -1.924277e+00, -1.124300e+03, 15.000000, 7.581546e-01, 5.457979e-01, 
547, 4.471849e-02, 7.200092e-02, -1.924277e+00, -1.238443e+02, 15.000000, 7.581546e-01, 5.457979e-01, 
548, 4.471849e-02, 7.200092e-02, -1.924277e+00, -7.612989e+02, 15.000000, 7.581546e-01, 5.457979e-01, 
549, 4.471849e-02, 7.200092e-02, -1.924277e+00, -5.856439e+02, 15.000000, 7.581546e-01, 5.457979e-01, 
550, 4.471849e-02, 7.200092e-02, -1.924277e+00, -5.762780e+01, 15.000000, 7.581546e-01, 5.457979e-01, 
551, 4.471849e-02, 7.200092e-02, -1.924277e+00, -6.886048e+02, 15.000000, 7.581546e-01, 5.457979e-01, 
552, 4.471849e-02, 7.200092e-02, -1.924277e+00, -8.832563e+01, 20.000000, 5.686160e-01, 4.093485e-01, 
553, 7.088877e-02, 7.216160e-02, -1.693931e+00, -1.693931e+00, 20.000000, 5.686160e-01, 4.093485e-01, 
554, 7.088877e-02, 7.216160e-02, -1.693931e+00, -2.759860e+00, 20.000000, 5.686160e-01, 4.093485e-01, 
555, 7.088877e-02, 7.216160e-02, -1.693931e+00, -7.209875e+02, 20.000000, 5.686160e-01, 4.093485e-01, 
556, 7.088877e-02, 7.216160e-02, -1.693931e+00, -1.771722e+03, 20.000000, 5.686160e-01, 4.093485e-01, 
557, 7.088877e-02, 7.216160e-02, -1.693931e+00, -7.806877e+01, 20.000000, 5.686160e-01, 4.093485e-01, 
558, 7.088877e-02, 7.216160e-02, -1.693931e+00, -2.365206e+01, 20.000000, 5.686160e-01, 4.093485e-01, 
559, 7.088877e-02, 7.216160e-02, -1.693931e+00, -3.426641e+01, 20.000000, 5.686160e-01, 4.093485e-01, 
560, 7.088877e-02, 7.216160e-02, -1.693931e+00, -7.578905e+01, 20.000000, 5.686160e-01, 4.093485e-01, 
561, 7.088877e-02, 7.216160e-02, -1.693931e+00, -2.666791e+01, 20.000000, 5.686160e-01, 4.093485e-01, 
562, 7.088877e-02, 7.216160e-02, -1.693931e+00, -9.583276e+00, 20.000000, 5.686160e-01, 4.093485e-01, 
563, 7.088877e-02, 7.216160e-02, -1.693931e+00, -1.007868e+03, 20.000000, 5.686160e-01, 4.093485e-01, 
564, 7.088877e-02, 7.216160e-02, -1.693931e+00, -6.512888e+00, 20.000000, 5.686160e-01, 4.093485e-01, 
565, 7.088877e-02, 7.216160e-02, -1.693931e+00, -1.082406e+01, 20.000000, 5.686160e-01, 4.093485e-01, 
566, 7.088877e-02, 7.216160e-02, -1.693931e+00, -2.462075e+02, 20.000000, 5.686160e-01, 4.093485e-01, 
567, 7.088877e-02, 7.216160e-02, -1.693931e+00, -3.835072e+02, 20.000000, 5.686160e-01, 4.093485e-01, 
568, 7.088877e-02, 7.216160e-02, -1.693931e+00, -4.329423e+01, 20.000000, 5.686160e-01, 4.093485e-01, 
569, 7.088877e-02, 7.216160e-02, -1.693931e+00, -7.197739e+00, 20.000000, 5.686160e-01, 4.093485e-01, 
570, 5.731589e-02, 7.361658e-02, -1.433649e+00, -1.433649e+00, 20.000000, 5.686160e-01, 4.093485e-01, 
571, 5.731589e-02, 7.361658e-02, -1.433649e+00, -3.319248e+03, 20.000000, 5.686160e-01, 4.093485e-01, 
572, 5.731589e-02, 7.361658e-02, -1.433649e+00, -2.239544e+02, 20.000000, 5.686160e-01, 4.093485e-01, 
573, 5.731589e-02, 7.361658e-02, -1.433649e+00, -2.910070e+02, 20.000000, 5.686160e-01, 4.093485e-01, 
574, 5.731589e-02, 7.361658e-02, -1.433649e+00, -1.554740e+03, 20.000000, 5.686160e-01, 4.093485e-01, 
575, 5.731589e-02, 7.361658e-02, -1.433649e+00, -3.710446e+01, 20.000000, 5.686160e-01, 4.093485e-01, 
576, 5.731589e-02, 7.361658e-02, -1.433649e+00, -1.171047e+01, 20.000000, 5.686160e-01, 4.093485e-01, 
577, 5.731589e-02, 7.361658e-02, -1.433649e+00, -4.022069e+01, 20.000000, 5.686160e-01, 4.093485e-01, 
578, 5.731589e-02, 7.361658e-02, -1.433649e+00, -2.830505e+02, 20.000000, 5.686160e-01, 4.093485e-01, 
579, 5.731589e-02, 7.361658e-02, -1.433649e+00, -8.476323e+00, 20.000000, 5.686160e-01, 4.093485e-01, 
580, 5.731589e-02, 7.361658e-02, -1.433649e+00, -2.420651e+01, 20.000000, 5.686160e-01, 4.093485e-01, 
581, 5.334864e-02, 7.353346e-02, -1.393561e+00, -1.393561e+00, 20.000000, 5.686160e-01, 4.093485e-01, 
582, 5.334864e-02, 7.353346e-02, -1.393561e+00, -3.822125e+02, 20.000000, 5.686160e-01, 4.093485e-01, 
583, 5.334864e-02, 7.353346e-02, -1.393561e+00, -1.422253e+02, 20.000000, 5.686160e-01, 4.093485e-01, 
584, 5.334864e-02, 7.353346e-02, -1.393561e+00, -6.368221e+01, 20.000000, 5.686160e-01, 4.093485e-01, 
585, 5.334864e-02, 7.353346e-02, -1.393561e+00, -1.795404e+02, 20.000000, 5.686160e-01, 4.093485e-01, 
586, 5.334864e-02, 7.353346e-02, -1.393561e+00, -1.401066e+02, 20.000000, 5.686160e-01, 4.093485e-01, 
587, 5.334864e-02, 7.353346e-02, -1.393561e+00, -2.100251e+00, 20.000000, 5.686160e-01, 4.093485e-01, 
588, 5.334864e-02, 7.353346e-02, -1.393561e+00, -3.427252e+02, 20.000000, 5.686160e-01, 4.093485e-01, 
589, 5.334864e-02, 7.353346e-02, -1.393561e+00, -8.131245e+03, 20.000000, 5.686160e-01, 4.093485e-01, 
590, 5.334864e-02, 7.353346e-02, -1.393561e+00, -1.308310e+03, 20.000000, 5.686160e-01, 4.093485e-01, 
591, 5.334864e-02, 7.353346e-02, -1.393561e+00, -7.368677e+01, 20.000000, 5.686160e-01, 4.093485e-01, 
592, 5.334864e-02, 7.353346e-02, -1.393561e+00, -2.661868e+00, 20.000000, 5.686160e-01, 4.093485e-01, 
593, 5.334864e-02, 7.353346e-02, -1.393561e+00, -2.185742e+02, 20.000000, 5.686160e-01, 4.093485e-01, 
594, 5.334864e-02, 7.353346e-02, -1.393561e+00, -1.189241e+02, 20.000000, 5.686160e-01, 4.093485e-01, 
595, 5.334864e-02, 7.353346e-02, -1.393561e+00, -5.357802e+01, 20.000000, 5.686160e-01, 4.093485e-01, 
596, 5.334864e-02, 7.353346e-02, -1.393561e+00, -9.791217e+02, 20.000000, 5.686160e-01, 4.093485e-01, 
597, 5.334864e-02, 7.353346e-02, -1.393561e+00, -9.791217e+02, 20.000000, 5.686160e-01, 4.093485e-01, 
598, 5.334864e-02, 7.353346e-02, -1.393561e+00, -3.882273e+01, 20.000000, 5.686160e-01, 4.093485e-01, 
599, 5.334864e-02, 7.353346e-02, -1.393561e+00, -9.580637e+00, 20.000000, 5.686160e-01, 4.093485e-01, 
600, 5.334864e-02, 7.353346e-02, -1.393561e+00, -3.079764e+02, 20.000000, 5.686160e-01, 4.093485e-01, 
601, 5.334864e-02, 7.353346e-02, -1.393561e+00, -4.754607e+02, 20.000000, 5.686160e-01, 4.093485e-01, 
602, 5.334864e-02, 7.353346e-02, -1.393561e+00, -2.442308e+00, 2.000000, 4.264620e-01, 3.070113e-01, 
603, 5.334864e-02, 7.353346e-02, -1.393561e+00, -2.218724e+01, 2.000000, 4.264620e-01, 3.070113e-01, 
604, 5.334864e-02, 7.353346e-02, -1.393561e+00, -9.175017e+02, 2.000000, 4.264620e-01, 3.070113e-01, 
605, 5.334864e-02, 7.353346e-02, -1.393561e+00, -2.744688e+00, 2.000000, 4.264620e-01, 3.070113e-01, 
606, 5.334864e-02, 7.353346e-02, -1.393561e+00, -2.130096e+02, 2.000000, 4.264620e-01, 3.070113e-01, 
607, 5.334864e-02, 7.353346e-02, -1.393561e+00, -1.968134e+02, 2.000000, 4.264620e-01, 3.070113e-01, 
608, 4.693230e-02, 7.337848e-02, -1.326499e+00, -1.326499e+00, 2.000000, 4.264620e-01, 3.070113e-01, 
609, 4.693230e-02, 7.337848e-02, -1.326499e+00, -3.087788e+02, 2.000000, 4.264620e-01, 3.070113e-01, 
610, 4.693230e-02, 7.337848e-02, -1.326499e+00, -5.613029e+01, 2.000000, 4.264620e-01, 3.070113e-01, 
611, 4.693230e-02, 7.337848e-02, -1.326499e+00, -2.919012e+01, 2.000000, 4.264620e-01, 3.070113e-01, 
612, 4.693230e-02, 7.337848e-02, -1.326499e+00, -6.072536e+02, 2.000000, 4.264620e-01, 3.070113e-01, 
613, 4.693230e-02, 7.337848e-02, -1.326499e+00, -6.212238e+01, 2.000000, 4.264620e-01, 3.070113e-01, 
614, 4.693230e-02, 7.337848e-02, -1.326499e+00, -3.531365e+01, 2.000000, 4.264620e-01, 3.070113e-01, 
615, 4.693230e-02, 7.337848e-02, -1.326499e+00, -1.809172e+01, 2.000000, 4.264620e-01, 3.070113e-01, 
616, 4.693230e-02, 7.337848e-02, -1.326499e+00, -1.097542e+02, 2.000000, 4.264620e-01, 3.070113e-01, 
617, 4.693230e-02, 7.337848e-02, -1.326499e+00, -2.502287e+02, 2.000000, 4.264620e-01, 3.070113e-01, 
618, 4.693230e-02, 7.337848e-02, -1.326499e+00, -5.264519e+01, 2.000000, 4.264620e-01, 3.070113e-01, 
619, 4.693230e-02, 7.337848e-02, -1.326499e+00, -6.583330e+01, 2.000000, 4.264620e-01, 3.070113e-01, 
620, 4.693230e-02, 7.337848e-02, -1.326499e+00, -1.510959e+02, 2.000000, 4.264620e-01, 3.070113e-01, 
621, 4.693230e-02, 7.337848e-02, -1.326499e+00, -3.034121e+00, 2.000000, 4.264620e-01, 3.070113e-01, 
622, 4.693230e-02, 7.337848e-02, -1.326499e+00, -2.020540e+03, 2.000000, 4.264620e-01, 3.070113e-01, 
623, 4.693230e-02, 7.337848e-02, -1.326499e+00, -4.080092e+02, 2.000000, 4.264620e-01, 3.070113e-01, 
624, 4.693230e-02, 7.337848e-02, -1.326499e+00, -3.072882e+01, 2.000000, 4.264620e-01, 3.070113e-01, 
625, 4.693230e-02, 7.337848e-02, -1.326499e+00, -3.820147e+02, 2.000000, 4.264620e-01, 3.070113e-01, 
626, 4.693230e-02, 7.337848e-02, -1.326499e+00, -1.361080e+02, 2.000000, 4.264620e-01, 3.070113e-01, 
627, 4.693230e-02, 7.337848e-02, -1.326499e+00, -3.738210e+00, 2.000000, 4.264620e-01, 3.070113e-01, 
628, 4.693230e-02, 7.337848e-02, -1.326499e+00, -3.760140e+00, 2.000000, 4.264620e-01, 3.070113e-01, 
629, 4.693230e-02, 7.337848e-02, -1.326499e+00, -5.739559e+01, 2.000000, 4.264620e-01, 3.070113e-01, 
630, 4.693230e-02, 7.337848e-02, -1.326499e+00, -4.796479e+01, 2.000000, 4.264620e-01, 3.070113e-01, 
631, 4.693230e-02, 7.337848e-02, -1.326499e+00, -4.999677e+02, 2.000000, 4.264620e-01, 3.070113e-01, 
632, 4.693230e-02, 7.337848e-02, -1.326499e+00, -7.505719e+01, 2.000000, 4.264620e-01, 3.070113e-01, 
633, 4.693230e-02, 7.337848e-02, -1.326499e+00, -2.680052e+01, 2.000000, 4.264620e-01, 3.070113e-01, 
634, 4.693230e-02, 7.337848e-02, -1.326499e+00, -4.386633e+02, 2.000000, 4.264620e-01, 3.070113e-01, 
635, 4.693230e-02, 7.337848e-02, -1.326499e+00, -2.906014e+02, 2.000000, 4.264620e-01, 3.070113e-01, 
636, 5.699575e-02, 7.350717e-02, -1.412646e+00, -1.412646e+00, 2.000000, 4.264620e-01, 3.070113e-01, 
637, 5.699575e-02, 7.350717e-02, -1.412646e+00, -8.041962e+00, 2.000000, 4.264620e-01, 3.070113e-01, 
638, 5.699575e-02, 7.350717e-02, -1.412646e+00, -5.704037e+02, 2.000000, 4.264620e-01, 3.070113e-01, 
639, 5.699575e-02, 7.350717e-02, -1.412646e+00, -1.002796e+03, 2.000000, 4.264620e-01, 3.070113e-01, 
640, 5.699575e-02, 7.350717e-02, -1.412646e+00, -7.949751e+01, 2.000000, 4.264620e-01, 3.070113e-01, 
641, 5.699575e-02, 7.350717e-02, -1.412646e+00, -1.608962e+02, 2.000000, 4.264620e-01, 3.070113e-01, 
642, 5.699575e-02, 7.350717e-02, -1.412646e+00, -7.510658e+00, 2.000000, 4.264620e-01, 3.070113e-01, 
643, 5.699575e-02, 7.350717e-02, -1.412646e+00, -5.495959e+01, 2.000000, 4.264620e-01, 3.070113e-01, 
644, 5.699575e-02, 7.350717e-02, -1.412646e+00, -3.284613e+01, 2.000000, 4.264620e-01, 3.070113e-01, 
645, 5.699575e-02, 7.350717e-02, -1.412646e+00, -6.885670e+00, 2.000000, 4.264620e-01, 3.070113e-01, 
646, 5.699575e-02, 7.350717e-02, -1.412646e+00, -1.052997e+02, 2.000000, 4.264620e-01, 3.070113e-01, 
647, 5.699575e-02, 7.350717e-02, -1.412646e+00, -1.785453e+03, 2.000000, 4.264620e-01, 3.070113e-01, 
648, 5.699575e-02, 7.350717e-02, -1.412646e+00, -7.690856e+01, 2.000000, 4.264620e-01, 3.070113e-01, 
649, 9.854446e-02, 7.006102e-02, -2.636921e+00, -2.636921e+00, 2.000000, 4.264620e-01, 3.070113e-01, 
650, 9.854446e-02, 7.006102e-02, -2.636921e+00, -1.581115e+01, 2.000000, 4.264620e-01, 3.070113e-01, 
651, 9.854446e-02, 7.006102e-02, -2.636921e+00, -2.048549e+02, 2.000000, 4.264620e-01, 3.070113e-01, 
652, 4.909867e-02, 7.402466e-02, -1.559958e+00, -1.559958e+00, 9.000000, 3.198465e-01, 2.302585e-01, 
653, 4.909867e-02, 7.402466e-02, -1.559958e+00, -3.512315e+01, 9.000000, 3.198465e-01, 2.302585e-01, 
654, 4.909867e-02, 7.402466e-02, -1.559958e+00, -1.119423e+02, 9.000000, 3.198465e-01, 2.302585e-01, 
655, 3.799747e-02, 7.344972e-02, -1.285657e+00, -1.285657e+00, 9.000000, 3.198465e-01, 2.302585e-01, 
656, 3.799747e-02, 7.344972e-02, -1.285657e+00, -8.363198e+02, 9.000000, 3.198465e-01, 2.302585e-01, 
657, 3.799747e-02, 7.344972e-02, -1.285657e+00, -2.023285e+02, 9.000000, 3.198465e-01, 2.302585e-01, 
658, 3.799747e-02, 7.344972e-02, -1.285657e+00, -7.279488e+00, 9.000000, 3.198465e-01, 2.302585e-01, 
659, 3.799747e-02, 7.344972e-02, -1.285657e+00, -1.390343e+02, 9.000000, 3.198465e-01, 2.302585e-01, 
660, 3.799747e-02, 7.344972e-02, -1.285657e+00, -8.703171e+01, 9.000000, 3.198465e-01, 2.302585e-01, 
661, 3.799747e-02, 7.344972e-02, -1.285657e+00, -1.812087e+01, 9.000000, 3.198465e-01, 2.302585e-01, 
662, 3.799747e-02, 7.344972e-02, -1.285657e+00, -2.796862e+02, 9.000000, 3.198465e-01, 2.302585e-01, 
663, 3.799747e-02, 7.344972e-02, -1.285657e+00, -2.733289e+01, 9.000000, 3.198465e-01, 2.302585e-01, 
664, 3.491399e-02, 7.282249e-02, -1.326717e+00, -1.326717e+00, 9.000000, 3.198465e-01, 2.302585e-01, 
665, 3.491399e-02, 7.282249e-02, -1.326717e+00, -2.194628e+02, 9.000000, 3.198465e-01, 2.302585e-01, 
666, 3.491399e-02, 7.282249e-02, -1.326717e+00, -1.352142e+02, 9.000000, 3.198465e-01, 2.302585e-01, 
667, 3.491399e-02, 7.282249e-02, -1.326717e+00, -6.625554e+01, 9.000000, 3.198465e-01, 2.302585e-01, 
668, 3.491399e-02, 7.282249e-02, -1.326717e+00, -1.295259e+02, 9.000000, 3.198465e-01, 2.302585e-01, 
669, 3.491399e-02, 7.282249e-02, -1.326717e+00, -2.084848e+02, 9.000000, 3.198465e-01, 2.302585e-01, 
670, 3.491399e-02, 7.282249e-02, -1.326717e+00, -1.060174e+02, 9.000000, 3.198465e-01, 2.302585e-01, 
671, 3.491399e-02, 7.282249e-02, -1.326717e+00, -4.791038e+00, 9.000000, 3.198465e-01, 2.302585e-01, 
672, 3.491399e-02, 7.282249e-02, -1.326717e+00, -5.819477e+02, 9.000000, 3.198465e-01, 2.302585e-01, 
673, 3.491399e-02, 7.282249e-02, -1.326717e+00, -1.052056e+03, 9.000000, 3.198465e-01, 2.302585e-01, 
674, 3.491399e-02, 7.282249e-02, -1.326717e+00, -8.773574e+01, 9.000000, 3.198465e-01, 2.302585e-01, 
675, 3.491399e-02, 7.282249e-02, -1.326717e+00, -2.428991e+02, 9.000000, 3.198465e-01, 2.302585e-01, 
676, 3.491399e-02, 7.282249e-02, -1.326717e+00, -3.034071e+01, 9.000000, 3.198465e-01, 2.302585e-01, 
677, 2.479191e-02, 7.427264e-02, -2.748811e+00, -2.748811e+00, 9.000000, 3.198465e-01, 2.302585e-01, 
678, 2.479191e-02, 7.427264e-02, -2.748811e+00, -2.215700e+01, 9.000000, 3.198465e-01, 2.302585e-01, 
679, 2.479191e-02, 7.427264e-02, -2.748811e+00, -2.661121e+01, 9.000000, 3.198465e-01, 2.302585e-01, 
680, 2.479191e-02, 7.427264e-02, -2.748811e+00, -1.012711e+02, 9.000000, 3.198465e-01, 2.302585e-01, 
681, 2.479191e-02, 7.427264e-02, -2.748811e+00, -1.640212e+03, 9.000000, 3.198465e-01, 2.302585e-01, 
682, 2.479191e-02, 7.427264e-02, -2.748811e+00, -3.760186e+02, 9.000000, 3.198465e-01, 2.302585e-01, 
683, 2.479191e-02, 7.427264e-02, -2.748811e+00, -1.729343e+01, 9.000000, 3.198465e-01, 2.302585e-01, 
684, 2.479191e-02, 7.427264e-02, -2.748811e+00, -1.779445e+02, 9.000000, 3.198465e-01, 2.302585e-01, 
685, 2.479191e-02, 7.427264e-02, -2.748811e+00, -1.006407e+03, 9.000000, 3.198465e-01, 2.302585e-01, 
686, 2.479191e-02, 7.427264e-02, -2.748811e+00, -2.378802e+01, 9.000000, 3.198465e-01, 2.302585e-01, 
687, 2.479191e-02, 7.427264e-02, -2.748811e+00, -8.566193e+01, 9.000000, 3.198465e-01, 2.302585e-01, 
688, 2.479191e-02, 7.427264e-02, -2.748811e+00, -5.640390e+02, 9.000000, 3.198465e-01, 2.302585e-01, 
689, 2.479191e-02, 7.427264e-02, -2.748811e+00, -3.644551e+02, 9.000000, 3.198465e-01, 2.302585e-01, 
690, 2.479191e-02, 7.427264e-02, -2.748811e+00, -1.073158e+03, 9.000000, 3.198465e-01, 2.302585e-01, 
691, 2.479191e-02, 7.427264e-02, -2.748811e+00, -7.062127e+02, 9.000000, 3.198465e-01, 2.302585e-01, 
692, 4.656726e-02, 7.478469e-02, -2.255788e+00, -2.255788e+00, 9.000000, 3.198465e-01, 2.302585e-01, 
693, 4.656726e-02, 7.478469e-02, -2.255788e+00, -2.715452e+01, 9.000000, 3.198465e-01, 2.302585e-01, 
694, 4.656726e-02, 7.478469e-02, -2.255788e+00, -5.172033e+01, 9.000000, 3.198465e-01, 2.302585e-01, 
695, 4.656726e-02, 7.478469e-02, -2.255788e+00, -3.415165e+01, 9.000000, 3.198465e-01, 2.302585e-01, 
696, 4.656726e-02, 7.478469e-02, -2.255788e+00, -1.397856e+02, 9.000000, 3.198465e-01, 2.302585e-01, 
697, 4.656726e-02, 7.478469e-02, -2.255788e+00, -6.777934e+02, 9.000000, 3.198465e-01, 2.302585e-01, 
698, 4.656726e-02, 7.478469e-02, -2.255788e+00, -6.777934e+02, 9.000000, 3.198465e-01, 2.302585e-01, 
699, 4.656726e-02, 7.478469e-02, -2.255788e+00, -1.397856e+02, 9.000000, 3.198465e-01, 2.302585e-01, 
700, 4.656726e-02, 7.478469e-02, -2.255788e+00, -1.574629e+02, 9.000000, 3.198465e-01, 2.302585e-01, 
701, 4.656726e-02, 7.478469e-02, -2.255788e+00, -1.225186e+01, 9.000000, 3.198465e-01, 2.302585e-01, 
702, 4.656726e-02, 7.478469e-02, -2.255788e+00, -2.469847e+01, 0.000000, 2.398849e-01, 1.726939e-01, 
703, 4.656726e-02, 7.478469e-02, -2.255788e+00, -3.914096e+01, 0.000000, 2.398849e-01, 1.726939e-01, 
704, 4.656726e-02, 7.478469e-02, -2.255788e+00, -3.162212e+02, 0.000000, 2.398849e-01, 1.726939e-01, 
705, 4.656726e-02, 7.478469e-02, -2.255788e+00, -1.651261e+02, 0.000000, 2.398849e-01, 1.726939e-01, 
706, 5.517352e-02, 7.449818e-02, -1.822102e+00, -1.822102e+00, 0.000000, 2.398849e-01, 1.726939e-01, 
707, 5.517352e-02, 7.449818e-02, -1.822102e+00, -4.342567e+01, 0.000000, 2.398849e-01, 1.726939e-01, 
708, 4.555009e-02, 7.283364e-02, -1.362819e+00, -1.362819e+00, 0.000000, 2.398849e-01, 1.726939e-01, 
709, 4.555009e-02, 7.283364e-02, -1.362819e+00, -1.131809e+01, 0.000000, 2.398849e-01, 1.726939e-01, 
710, 4.555009e-02, 7.283364e-02, -1.362819e+00, -2.310155e+01, 0.000000, 2.398849e-01, 1.726939e-01, 
711, 4.555009e-02, 7.283364e-02, -1.362819e+00, -1.256167e+01, 0.000000, 2.398849e-01, 1.726939e-01, 
712, 4.555009e-02, 7.283364e-02, -1.362819e+00, -3.319947e+02, 0.000000, 2.398849e-01, 1.726939e-01, 
713, 4.555009e-02, 7.283364e-02, -1.362819e+00, -5.853229e+00, 0.000000, 2.398849e-01, 1.726939e-01, 
714, 4.555009e-02, 7.283364e-02, -1.362819e+00, -7.806697e+00, 0.000000, 2.398849e-01, 1.726939e-01, 
715, 4.555009e-02, 7.283364e-02, -1.362819e+00, -4.782121e+02, 0.000000, 2.398849e-01, 1.726939e-01, 
716, 4.555009e-02, 7.283364e-02, -1.362819e+00, -8.012109e+01, 0.000000, 2.398849e-01, 1.726939e-01, 
717, 4.555009e-02, 7.283364e-02, -1.362819e+00, -1.869864e+01, 0.000000, 2.398849e-01, 1.726939e-01, 
718, 4.555009e-02, 7.283364e-02, -1.362819e+00, -1.190708e+01, 0.000000, 2.398849e-01, 1.726939e-01, 
719, 4.555009e-02, 7.283364e-02, -1.362819e+00, -1.569308e+02, 0.000000, 2.398849e-01, 1.726939e-01, 
720, 4.555009e-02, 7.283364e-02, -1.362819e+00, -1.028808e+02, 0.000000, 2.398849e-01, 1.726939e-01, 
721, 4.555009e-02, 7.283364e-02, -1.362819e+00, -1.491735e+02, 0.000000, 2.398849e-01, 1.726939e-01, 
722, 4.555009e-02, 7.283364e-02, -1.362819e+00, -4.556747e+00, 0.000000, 2.398849e-01, 1.726939e-01, 
723, 3.223275e-02, 7.279179e-02, -1.344305e+00, -1.344305e+00, 0.000000, 2.398849e-01, 1.726939e-01, 
724, 3.223275e-02, 7.279179e-02, -1.344305e+00, -1.480963e+01, 0.000000, 2.398849e-01, 1.726939e-01, 
725, 3.223275e-02, 7.279179e-02, -1.344305e+00, -3.412465e+00, 0.000000, 2.398849e-01, 1.726939e-01, 
726, 3.223275e-02, 7.279179e-02, -1.344305e+00, -2.758725e+02, 0.000000, 2.398849e-01, 1.726939e-01, 
727, 3.223275e-02, 7.279179e-02, -1.344305e+00, -1.862663e+02, 0.000000, 2.398849e-01, 1.726939e-01, 
728, 3.223275e-02, 7.279179e-02, -1.344305e+00, -3.398303e+02, 0.000000, 2.398849e-01, 1.726939e-01, 
729, 3.223275e-02, 7.279179e-02, -1.344305e+00, -9.506315e+01, 0.000000, 2.398849e-01, 1.726939e-01, 
730, 3.223275e-02, 7.279179e-02, -1.344305e+00, -2.726100e+01, 0.000000, 2.398849e-01, 1.726939e-01, 
731, 3.223275e-02, 7.279179e-02, -1.344305e+00, -1.165627e+01, 0.000000, 2.398849e-01, 1.726939e-01, 
732, 3.223275e-02, 7.279179e-02, -1.344305e+00, -8.299617e+01, 0.000000, 2.398849e-01, 1.726939e-01, 
733, 3.223275e-02, 7.279179e-02, -1.344305e+00, -1.012797e+02, 0.000000, 2.398849e-01, 1.726939e-01, 
734, 3.022563e-02, 7.411703e-02, -1.972354e+00, -1.972354e+00, 0.000000, 2.398849e-01, 1.726939e-01, 
735, 3.022563e-02, 7.411703e-02, -1.972354e+00, -7.088098e+01, 0.000000, 2.398849e-01, 1.726939e-01, 
736, 3.022563e-02, 7.411703e-02, -1.972354e+00, -2.851551e+01, 0.000000, 2.398849e-01, 1.726939e-01, 
737, 3.022563e-02, 7.411703e-02, -1.972354e+00, -2.433322e+02, 0.000000, 2.398849e-01, 1.726939e-01, 
738, 3.022563e-02, 7.411703e-02, -1.972354e+00, -7.480459e+01, 0.000000, 2.398849e-01, 1.726939e-01, 
739, 3.022563e-02, 7.411703e-02, -1.972354e+00, -2.687754e+00, 0.000000, 2.398849e-01, 1.726939e-01, 
740, 3.022563e-02, 7.411703e-02, -1.972354e+00, -4.722645e+01, 0.000000, 2.398849e-01, 1.726939e-01, 
741, 3.022563e-02, 7.411703e-02, -1.972354e+00, -1.129670e+01, 0.000000, 2.398849e-01, 1.726939e-01, 
742, 3.022563e-02, 7.411703e-02, -1.972354e+00, -6.199500e+02, 0.000000, 2.398849e-01, 1.726939e-01, 
743, 3.022563e-02, 7.411703e-02, -1.972354e+00, -2.686971e+02, 0.000000, 2.398849e-01, 1.726939e-01, 
744, 3.780673e-02, 7.255740e-02, -1.495283e+00, -1.495283e+00, 0.000000, 2.398849e-01, 1.726939e-01, 
745, 3.780673e-02, 7.255740e-02, -1.495283e+00, -3.957979e+02, 0.000000, 2.398849e-01, 1.726939e-01, 
746, 3.780673e-02, 7.255740e-02, -1.495283e+00, -1.444380e+01, 0.000000, 2.398849e-01, 1.726939e-01, 
747, 3.780673e-02, 7.255740e-02, -1.495283e+00, -1.531393e+01, 0.000000, 2.398849e-01, 1.726939e-01, 
748, 3.780673e-02, 7.255740e-02, -1.495283e+00, -3.510801e+01, 0.000000, 2.398849e-01, 1.726939e-01, 
749, 3.780673e-02, 7.255740e-02, -1.495283e+00, -1.676195e+02, 0.000000, 2.398849e-01, 1.726939e-01, 
750, 3.780673e-02, 7.255740e-02, -1.495283e+00, -1.391914e+02, 0.000000, 2.398849e-01, 1.726939e-01, 
751, 4.704528e-02, 7.344364e-02, -1.337201e+00, -1.337201e+00, 0.000000, 2.398849e-01, 1.726939e-01, 
752, 5.006131e-02, 7.430005e-02, -1.730136e+00, -1.730136e+00, 5.000000, 1.799136e-01, 1.295204e-01, 
753, 5.006131e-02, 7.430005e-02, -1.730136e+00, -1.344145e+01, 5.000000, 1.799136e-01, 1.295204e-01, 
754, 5.006131e-02, 7.430005e-02, -1.730136e+00, -3.145795e+01, 5.000000, 1.799136e-01, 1.295204e-01, 
755, 5.006131e-02, 7.430005e-02, -1.730136e+00, -9.212601e+00, 5.000000, 1.799136e-01, 1.295204e-01, 
756, 5.006131e-02, 7.430005e-02, -1.730136e+00, -4.077372e+01, 5.000000, 1.799136e-01, 1.295204e-01, 
757, 5.006131e-02, 7.430005e-02, -1.730136e+00, -1.175595e+01, 5.000000, 1.799136e-01, 1.295204e-01, 
758, 5.006131e-02, 7.430005e-02, -1.730136e+00, -4.743514e+01, 5.000000, 1.799136e-01, 1.295204e-01, 
759, 5.006131e-02, 7.430005e-02, -1.730136e+00, -3.023779e+01, 5.000000, 1.799136e-01, 1.295204e-01, 
760, 5.006131e-02, 7.430005e-02, -1.730136e+00, -9.825413e+00, 5.000000, 1.799136e-01, 1.295204e-01, 
761, 5.006131e-02, 7.430005e-02, -1.730136e+00, -3.888309e+02, 5.000000, 1.799136e-01, 1.295204e-01, 
762, 5.811265e-02, 7.378330e-02, -1.477555e+00, -1.477555e+00, 5.000000, 1.799136e-01, 1.295204e-01, 
763, 7.096202e-02, 7.700364e-02, -3.736722e+00, -3.736722e+00, 5.000000, 1.799136e-01, 1.295204e-01, 
764, 5.069544e-02, 7.477373e-02, -2.123994e+00, -2.123994e+00, 5.000000, 1.799136e-01, 1.295204e-01, 
765, 5.069544e-02, 7.477373e-02, -2.123994e+00, -1.494071e+01, 5.000000, 1.799136e-01, 1.295204e-01, 
766, 5.069544e-02, 7.477373e-02, -2.123994e+00, -6.422932e+01, 5.000000, 1.799136e-01, 1.295204e-01, 
767, 5.069544e-02, 7.477373e-02, -2.123994e+00, -1.668053e+01, 5.000000, 1.799136e-01, 1.295204e-01, 
768, 3.985146e-02, 7.141975e-02, -2.996230e+00, -2.996230e+00, 5.000000, 1.799136e-01, 1.295204e-01, 
769, 3.940891e-02, 7.118109e-02, -3.545224e+00, -3.545224e+00, 5.000000, 1.799136e-01, 1.295204e-01, 
770, 3.940891e-02, 7.118109e-02, -3.545224e+00, -5.046460e+01, 5.000000, 1.799136e-01, 1.295204e-01, 
771, 3.940891e-02, 7.118109e-02, -3.545224e+00, -3.640094e+01, 5.000000, 1.799136e-01, 1.295204e-01, 
772, 3.940891e-02, 7.118109e-02, -3.545224e+00, -9.910375e+01, 5.000000, 1.799136e-01, 1.295204e-01, 
773, 3.940891e-02, 7.118109e-02, -3.545224e+00, -2.826374e+01, 5.000000, 1.799136e-01, 1.295204e-01, 
774, 3.940891e-02, 7.118109e-02, -3.545224e+00, -8.418627e+00, 5.000000, 1.799136e-01, 1.295204e-01, 
775, 3.940891e-02, 7.118109e-02, -3.545224e+00, -7.286709e+01, 5.000000, 1.799136e-01, 1.295204e-01, 
776, 3.940891e-02, 7.118109e-02, -3.545224e+00, -3.745206e+01, 5.000000, 1.799136e-01, 1.295204e-01, 
777, 3.940891e-02, 7.118109e-02, -3.545224e+00, -1.081499e+01, 5.000000, 1.799136e-01, 1.295204e-01, 
778, 4.978571e-02, 7.592884e-02, -3.749556e+00, -3.749556e+00, 5.000000, 1.799136e-01, 1.295204e-01, 
779, 4.616720e-02, 7.546423e-02, -3.257326e+00, -3.257326e+00, 5.000000, 1.799136e-01, 1.295204e-01, 
780, 4.000680e-02, 7.144830e-02, -2.928898e+00, -2.928898e+00, 5.000000, 1.799136e-01, 1.295204e-01, 
781, 4.629193e-02, 7.490528e-02, -2.415165e+00, -2.415165e+00, 5.000000, 1.799136e-01, 1.295204e-01, 
782, 4.629193e-02, 7.490528e-02, -2.415165e+00, -1.274426e+02, 5.000000, 1.799136e-01, 1.295204e-01, 
783, 4.629193e-02, 7.490528e-02, -2.415165e+00, -1.252026e+02, 5.000000, 1.799136e-01, 1.295204e-01, 
784, 4.629193e-02, 7.490528e-02, -2.415165e+00, -2.611915e+01, 5.000000, 1.799136e-01, 1.295204e-01, 
785, 4.629193e-02, 7.490528e-02, -2.415165e+00, -7.401519e+00, 5.000000, 1.799136e-01, 1.295204e-01, 
786, 4.629193e-02, 7.490528e-02, -2.415165e+00, -3.550462e+01, 5.000000, 1.799136e-01, 1.295204e-01, 
787, 4.629193e-02, 7.490528e-02, -2.415165e+00, -6.836830e+01, 5.000000, 1.799136e-01, 1.295204e-01, 
788, 4.629193e-02, 7.490528e-02, -2.415165e+00, -3.130649e+01, 5.000000, 1.799136e-01, 1.295204e-01, 
789, 4.629193e-02, 7.490528e-02, -2.415165e+00, -5.562287e+01, 5.000000, 1.799136e-01, 1.295204e-01, 
790, 4.629193e-02, 7.490528e-02, -2.415165e+00, -3.169995e+01, 5.000000, 1.799136e-01, 1.295204e-01, 
791, 4.629193e-02, 7.490528e-02, -2.415165e+00, -4.910724e+00, 5.000000, 1.799136e-01, 1.295204e-01, 
792, 4.629193e-02, 7.490528e-02, -2.415165e+00, -9.095276e+00, 5.000000, 1.799136e-01, 1.295204e-01, 
793, 4.629193e-02, 7.490528e-02, -2.415165e+00, -3.782970e+00, 5.000000, 1.799136e-01, 1.295204e-01, 
794, 4.384460e-02, 7.143579e-02, -2.704592e+00, -2.704592e+00, 5.000000, 1.799136e-01, 1.295204e-01, 
795, 4.384460e-02, 7.143579e-02, -2.704592e+00, -6.035816e+01, 5.000000, 1.799136e-01, 1.295204e-01, 
796, 4.541555e-02, 7.363516e-02, -1.378219e+00, -1.378219e+00, 5.000000, 1.799136e-01, 1.295204e-01, 
797, 4.541555e-02, 7.363516e-02, -1.378219e+00, -3.851602e+01, 5.000000, 1.799136e-01, 1.295204e-01, 
798, 4.541555e-02, 7.363516e-02, -1.378219e+00, -2.225092e+02, 5.000000, 1.799136e-01, 1.295204e-01, 
799, 4.541555e-02, 7.363516e-02, -1.378219e+00, -3.206154e+00, 5.000000, 1.799136e-01, 1.295204e-01, 
800, 4.541555e-02, 7.363516e-02, -1.378219e+00, -1.007325e+01, 5.000000, 1.799136e-01, 1.295204e-01, 
801, 4.541555e-02, 7.363516e-02, -1.378219e+00, -2.096590e+01, 5.000000, 1.799136e-01, 1.295204e-01, 
802, 4.541555e-02, 7.363516e-02, -1.378219e+00, -5.143595e+01, 4.000000, 2.398849e-01, 1.726939e-01, 
803, 4.541555e-02, 7.363516e-02, -1.378219e+00, -2.938887e+01, 4.000000, 2.398849e-01, 1.726939e-01, 
804, 4.541555e-02, 7.363516e-02, -1.378219e+00, -1.619371e+02, 4.000000, 2.398849e-01, 1.726939e-01, 
805, 4.541555e-02, 7.363516e-02, -1.378219e+00, -3.585154e+01, 4.000000, 2.398849e-01, 1.726939e-01, 
806, 4.541555e-02, 7.363516e-02, -1.378219e+00, -3.525372e+00, 4.000000, 2.398849e-01, 1.726939e-01, 
807, 4.541555e-02, 7.363516e-02, -1.378219e+00, -3.064052e+00, 4.000000, 2.398849e-01, 1.726939e-01, 
808, 4.541555e-02, 7.363516e-02, -1.378219e+00, -3.485516e+00, 4.000000, 2.398849e-01, 1.726939e-01, 
809, 4.541555e-02, 7.363516e-02, -1.378219e+00, -4.522488e+00, 4.000000, 2.398849e-01, 1.726939e-01, 
810, 4.541555e-02, 7.363516e-02, -1.378219e+00, -3.157501e+01, 4.000000, 2.398849e-01, 1.726939e-01, 
811, 4.541555e-02, 7.363516e-02, -1.378219e+00, -1.426590e+02, 4.000000, 2.398849e-01, 1.726939e-01, 
812, 4.541555e-02, 7.363516e-02, -1.378219e+00, -1.212086e+02, 4.000000, 2.398849e-01, 1.726939e-01, 
813, 4.541555e-02, 7.363516e-02, -1.378219e+00, -1.770941e+02, 4.000000, 2.398849e-01, 1.726939e-01, 
814, 4.541555e-02, 7.363516e-02, -1.378219e+00, -2.957931e+02, 4.000000, 2.398849e-01, 1.726939e-01, 
815, 4.541555e-02, 7.363516e-02, -1.378219e+00, -1.277967e+01, 4.000000, 2.398849e-01, 1.726939e-01, 
816, 4.541555e-02, 7.363516e-02, -1.378219e+00, -7.691114e+01, 4.000000, 2.398849e-01, 1.726939e-01, 
817, 4.541555e-02, 7.363516e-02, -1.378219e+00, -4.512302e+01, 4.000000, 2.398849e-01, 1.726939e-01, 
818, 4.541555e-02, 7.363516e-02, -1.378219e+00, -1.955759e+01, 4.000000, 2.398849e-01, 1.726939e-01, 
819, 4.096304e-02, 7.286830e-02, -1.328191e+00, -1.328191e+00, 4.000000, 2.398849e-01, 1.726939e-01, 
820, 4.096304e-02, 7.286830e-02, -1.328191e+00, -1.612949e+02, 4.000000, 2.398849e-01, 1.726939e-01, 
821, 4.096304e-02, 7.286830e-02, -1.328191e+00, -1.721491e+01, 4.000000, 2.398849e-01, 1.726939e-01, 
822, 6.648816e-02, 7.380954e-02, -1.524565e+00, -1.524565e+00, 4.000000, 2.398849e-01, 1.726939e-01, 
823, 6.648816e-02, 7.380954e-02, -1.524565e+00, -8.623656e+00, 4.000000, 2.398849e-01, 1.726939e-01, 
824, 4.484881e-02, 7.218829e-02, -1.742538e+00, -1.742538e+00, 4.000000, 2.398849e-01, 1.726939e-01, 
825, 4.484881e-02, 7.218829e-02, -1.742538e+00, -4.937717e+01, 4.000000, 2.398849e-01, 1.726939e-01, 
826, 4.484881e-02, 7.218829e-02, -1.742538e+00, -6.501944e+01, 4.000000, 2.398849e-01, 1.726939e-01, 
827, 4.484881e-02, 7.218829e-02, -1.742538e+00, -1.006252e+02, 4.000000, 2.398849e-01, 1.726939e-01, 
828, 4.484881e-02, 7.218829e-02, -1.742538e+00, -2.016664e+02, 4.000000, 2.398849e-01, 1.726939e-01, 
829, 4.484881e-02, 7.218829e-02, -1.742538e+00, -8.179826e+02, 4.000000, 2.398849e-01, 1.726939e-01, 
830, 4.484881e-02, 7.218829e-02, -1.742538e+00, -3.739640e+00, 4.000000, 2.398849e-01, 1.726939e-01, 
831, 4.484881e-02, 7.218829e-02, -1.742538e+00, -2.596545e+00, 4.000000, 2.398849e-01, 1.726939e-01, 
832, 4.484881e-02, 7.218829e-02, -1.742538e+00, -6.125859e+01, 4.000000, 2.398849e-01, 1.726939e-01, 
833, 4.484881e-02, 7.218829e-02, -1.742538e+00, -7.172013e+01, 4.000000, 2.398849e-01, 1.726939e-01, 
834, 4.484881e-02, 7.218829e-02, -1.742538e+00, -2.956296e+00, 4.000000, 2.398849e-01, 1.726939e-01, 
835, 4.484881e-02, 7.218829e-02, -1.742538e+00, -2.085343e+01, 4.000000, 2.398849e-01, 1.726939e-01, 
836, 4.484881e-02, 7.218829e-02, -1.742538e+00, -1.278932e+01, 4.000000, 2.398849e-01, 1.726939e-01, 
837, 4.484881e-02, 7.218829e-02, -1.742538e+00, -6.769962e+01, 4.000000, 2.398849e-01, 1.726939e-01, 
838, 4.484881e-02, 7.218829e-02, -1.742538e+00, -1.432953e+01, 4.000000, 2.398849e-01, 1.726939e-01, 
839, 4.484881e-02, 7.218829e-02, -1.742538e+00, -1.409094e+01, 4.000000, 2.398849e-01, 1.726939e-01, 
840, 4.484881e-02, 7.218829e-02, -1.742538e+00, -1.066199e+01, 4.000000, 2.398849e-01, 1.726939e-01, 
841, 4.484881e-02, 7.218829e-02, -1.742538e+00, -2.075600e+02, 4.000000, 2.398849e-01, 1.726939e-01, 
842, 4.484881e-02, 7.218829e-02, -1.742538e+00, -1.365135e+02, 4.000000, 2.398849e-01, 1.726939e-01, 
843, 4.484881e-02, 7.218829e-02, -1.742538e+00, -4.899049e+01, 4.000000, 2.398849e-01, 1.726939e-01, 
844, 4.484881e-02, 7.218829e-02, -1.742538e+00, -2.222305e+02, 4.000000, 2.398849e-01, 1.726939e-01, 
845, 4.484881e-02, 7.218829e-02, -1.742538e+00, -8.747032e+00, 4.000000, 2.398849e-01, 1.726939e-01, 
846, 4.484881e-02, 7.218829e-02, -1.742538e+00, -1.024542e+01, 4.000000, 2.398849e-01, 1.726939e-01, 
847, 5.195198e-02, 7.253187e-02, -1.501345e+00, -1.501345e+00, 4.000000, 2.398849e-01, 1.726939e-01, 
848, 5.195198e-02, 7.253187e-02, -1.501345e+00, -2.060372e+01, 4.000000, 2.398849e-01, 1.726939e-01, 
849, 5.195198e-02, 7.253187e-02, -1.501345e+00, -3.157826e+00, 4.000000, 2.398849e-01, 1.726939e-01, 
850, 5.195198e-02, 7.253187e-02, -1.501345e+00, -3.640054e+01, 4.000000, 2.398849e-01, 1.726939e-01, 
851, 5.195198e-02, 7.253187e-02, -1.501345e+00, -1.038330e+02, 4.000000, 2.398849e-01, 1.726939e-01, 
852, 5.195198e-02, 7.253187e-02, -1.501345e+00, -2.673529e+00, 1.000000, 1.799136e-01, 1.295204e-01, 
853, 5.195198e-02, 7.253187e-02, -1.501345e+00, -2.111992e+00, 1.000000, 1.799136e-01, 1.295204e-01, 
854, 5.195198e-02, 7.253187e-02, -1.501345e+00, -1.279366e+01, 1.000000, 1.799136e-01, 1.295204e-01, 
855, 5.195198e-02, 7.253187e-02, -1.501345e+00, -1.740773e+01, 1.000000, 1.799136e-01, 1.295204e-01, 
856, 5.195198e-02, 7.253187e-02, -1.501345e+00, -2.447467e+01, 1.000000, 1.799136e-01, 1.295204e-01, 
857, 5.195198e-02, 7.253187e-02, -1.501345e+00, -4.057625e+01, 1.000000, 1.799136e-01, 1.295204e-01, 
858, 5.195198e-02, 7.253187e-02, -1.501345e+00, -6.045239e+01, 1.000000, 1.799136e-01, 1.295204e-01, 
859, 5.195198e-02, 7.253187e-02, -1.501345e+00, -2.378924e+01, 1.000000, 1.799136e-01, 1.295204e-01, 
860, 5.195198e-02, 7.253187e-02, -1.501345e+00, -1.769981e+02, 1.000000, 1.799136e-01, 1.295204e-01, 
861, 6.101366e-02, 7.526001e-02, -2.329795e+00, -2.329795e+00, 1.000000, 1.799136e-01, 1.295204e-01, 
862, 5.079550e-02, 7.583527e-02, -3.506194e+00, -3.506194e+00, 1.000000, 1.799136e-01, 1.295204e-01, 
863, 4.812218e-02, 7.177030e-02, -2.097084e+00, -2.097084e+00, 1.000000, 1.799136e-01, 1.295204e-01, 
864, 4.812218e-02, 7.177030e-02, -2.097084e+00, -9.679225e+00, 1.000000, 1.799136e-01, 1.295204e-01, 
865, 5.249781e-02, 7.511551e-02, -2.431010e+00, -2.431010e+00, 1.000000, 1.799136e-01, 1.295204e-01, 
866, 5.249781e-02, 7.511551e-02, -2.431010e+00, -5.998249e+01, 1.000000, 1.799136e-01, 1.295204e-01, 
867, 5.249781e-02, 7.511551e-02, -2.431010e+00, -2.216754e+02, 1.000000, 1.799136e-01, 1.295204e-01, 
868, 5.249781e-02, 7.511551e-02, -2.431010e+00, -2.216754e+02, 1.000000, 1.799136e-01, 1.295204e-01, 
869, 5.249781e-02, 7.511551e-02, -2.431010e+00, -5.998249e+01, 1.000000, 1.799136e-01, 1.295204e-01, 
870, 5.249781e-02, 7.511551e-02, -2.431010e+00, -8.315230e+00, 1.000000, 1.799136e-01, 1.295204e-01, 
871, 5.358381e-02, 7.168284e-02, -2.073690e+00, -2.073690e+00, 1.000000, 1.799136e-01, 1.295204e-01, 
872, 5.358381e-02, 7.168284e-02, -2.073690e+00, -2.068589e+01, 1.000000, 1.799136e-01, 1.295204e-01, 
873, 6.348421e-02, 7.456714e-02, -1.806104e+00, -1.806104e+00, 1.000000, 1.799136e-01, 1.295204e-01, 
874, 6.735127e-02, 7.333801e-02, -1.470645e+00, -1.470645e+00, 1.000000, 1.799136e-01, 1.295204e-01, 
875, 6.735127e-02, 7.333801e-02, -1.470645e+00, -3.274341e+00, 1.000000, 1.799136e-01, 1.295204e-01, 
876, 6.144796e-02, 7.278292e-02, -1.469751e+00, -1.469751e+00, 1.000000, 1.799136e-01, 1.295204e-01, 
877, 6.144796e-02, 7.278292e-02, -1.469751e+00, -1.178658e+01, 1.000000, 1.799136e-01, 1.295204e-01, 
878, 6.144796e-02, 7.278292e-02, -1.469751e+00, -2.426219e+01, 1.000000, 1.799136e-01, 1.295204e-01, 
879, 6.144796e-02, 7.278292e-02, -1.469751e+00, -3.468486e+01, 1.000000, 1.799136e-01, 1.295204e-01, 
880, 6.144796e-02, 7.278292e-02, -1.469751e+00, -4.898386e+00, 1.000000, 1.799136e-01, 1.295204e-01, 
881, 6.144796e-02, 7.278292e-02, -1.469751e+00, -6.609351e+00, 1.000000, 1.799136e-01, 1.295204e-01, 
882, 6.144796e-02, 7.278292e-02, -1.469751e+00, -1.156299e+01, 1.000000, 1.799136e-01, 1.295204e-01, 
883, 6.144796e-02, 7.278292e-02, -1.469751e+00, -4.867609e+00, 1.000000, 1.799136e-01, 1.295204e-01, 
884, 6.144796e-02, 7.278292e-02, -1.469751e+00, -1.361294e+02, 1.000000, 1.799136e-01, 1.295204e-01, 
885, 6.144796e-02, 7.278292e-02, -1.469751e+00, -5.530267e+01, 1.000000, 1.799136e-01, 1.295204e-01, 
886, 6.144796e-02, 7.278292e-02, -1.469751e+00, -2.150881e+01, 1.000000, 1.799136e-01, 1.295204e-01, 
887, 4.917429e-02, 7.109846e-02, -2.940016e+00, -2.940016e+00, 1.000000, 1.799136e-01, 1.295204e-01, 
888, 4.917429e-02, 7.109846e-02, -2.940016e+00, -4.471358e+01, 1.000000, 1.799136e-01, 1.295204e-01, 
889, 4.917429e-02, 7.109846e-02, -2.940016e+00, -2.515811e+01, 1.000000, 1.799136e-01, 1.295204e-01, 
890, 4.917429e-02, 7.109846e-02, -2.940016e+00, -1.231689e+01, 1.000000, 1.799136e-01, 1.295204e-01, 
891, 4.418720e-02, 7.276643e-02, -1.379615e+00, -1.379615e+00, 1.000000, 1.799136e-01, 1.295204e-01, 
892, 4.418720e-02, 7.276643e-02, -1.379615e+00, -5.149035e+01, 1.000000, 1.799136e-01, 1.295204e-01, 
893, 5.406333e-02, 7.106377e-02, -2.751626e+00, -2.751626e+00, 1.000000, 1.799136e-01, 1.295204e-01, 
894, 5.406333e-02, 7.106377e-02, -2.751626e+00, -4.816391e+01, 1.000000, 1.799136e-01, 1.295204e-01, 
895, 5.406333e-02, 7.106377e-02, -2.751626e+00, -1.144803e+02, 1.000000, 1.799136e-01, 1.295204e-01, 
896, 8.541947e-02, 7.128039e-02, -2.067465e+00, -2.067465e+00, 1.000000, 1.799136e-01, 1.295204e-01, 
897, 8.541947e-02, 7.128039e-02, -2.067465e+00, -8.067736e+00, 1.000000, 1.799136e-01, 1.295204e-01, 
898, 8.541947e-02, 7.128039e-02, -2.067465e+00, -1.511942e+01, 1.000000, 1.799136e-01, 1.295204e-01, 
899, 8.541947e-02, 7.128039e-02, -2.067465e+00, -7.399108e+00, 1.000000, 1.799136e-01, 1.295204e-01, 
900, 9.772797e-02, 7.312774e-02, -1.682141e+00, -1.682141e+00, 1.000000, 1.799136e-01, 1.295204e-01, 
901, 9.772797e-02, 7.312774e-02, -1.682141e+00, -3.034714e+01, 1.000000, 1.799136e-01, 1.295204e-01, 
902, 9.772797e-02, 7.312774e-02, -1.682141e+00, -6.841086e+01, 0.000000, 2.398849e-01, 1.726939e-01, 
903, 9.772797e-02, 7.312774e-02, -1.682141e+00, -1.092321e+01, 0.000000, 2.398849e-01, 1.726939e-01, 
904, 9.772797e-02, 7.312774e-02, -1.682141e+00, -1.868803e+01, 0.000000, 2.398849e-01, 1.726939e-01, 
905, 9.772797e-02, 7.312774e-02, -1.682141e+00, -1.807891e+01, 0.000000, 2.398849e-01, 1.726939e-01, 
906, 9.772797e-02, 7.312774e-02, -1.682141e+00, -8.540841e+00, 0.000000, 2.398849e-01, 1.726939e-01, 
907, 9.772797e-02, 7.312774e-02, -1.682141e+00, -1.869377e+00, 0.000000, 2.398849e-01, 1.726939e-01, 
908, 1.339495e-01, 6.931275e-02, -2.727706e+00, -2.727706e+00, 0.000000, 2.398849e-01, 1.726939e-01, 
909, 1.339495e-01, 6.931275e-02, -2.727706e+00, -1.489624e+01, 0.000000, 2.398849e-01, 1.726939e-01, 
910, 7.288473e-02, 7.415572e-02, -1.638344e+00, -1.638344e+00, 0.000000, 2.398849e-01, 1.726939e-01, 
911, 7.288473e-02, 7.415572e-02, -1.638344e+00, -2.274823e+01, 0.000000, 2.398849e-01, 1.726939e-01, 
912, 7.288473e-02, 7.415572e-02, -1.638344e+00, -9.789557e+00, 0.000000, 2.398849e-01, 1.726939e-01, 
913, 7.288473e-02, 7.415572e-02, -1.638344e+00, -2.890649e+00, 0.000000, 2.398849e-01, 1.726939e-01, 
914, 7.288473e-02, 7.415572e-02, -1.638344e+00, -1.291450e+01, 0.000000, 2.398849e-01, 1.726939e-01, 
915, 7.288473e-02, 7.415572e-02, -1.638344e+00, -9.844404e+00, 0.000000, 2.398849e-01, 1.726939e-01, 
916, 7.288473e-02, 7.415572e-02, -1.638344e+00, -1.976403e+00, 0.000000, 2.398849e-01, 1.726939e-01, 
917, 7.288473e-02, 7.415572e-02, -1.638344e+00, -3.567675e+02, 0.000000, 2.398849e-01, 1.726939e-01, 
918, 7.288473e-02, 7.415572e-02, -1.638344e+00, -1.052907e+02, 0.000000, 2.398849e-01, 1.726939e-01, 
919, 7.288473e-02, 7.415572e-02, -1.638344e+00, -4.242657e+01, 0.000000, 2.398849e-01, 1.726939e-01, 
920, 7.288473e-02, 7.415572e-02, -1.638344e+00, -3.669096e+01, 0.000000, 2.398849e-01, 1.726939e-01, 
921, 7.288473e-02, 7.415572e-02, -1.638344e+00, -6.013481e+01, 0.000000, 2.398849e-01, 1.726939e-01, 
922, 7.288473e-02, 7.415572e-02, -1.638344e+00, -1.501194e+01, 0.000000, 2.398849e-01, 1.726939e-01, 
923, 7.288473e-02, 7.415572e-02, -1.638344e+00, -5.258192e+00, 0.000000, 2.398849e-01, 1.726939e-01, 
924, 7.288473e-02, 7.415572e-02, -1.638344e+00, -1.416387e+01, 0.000000, 2.398849e-01, 1.726939e-01, 
925, 6.726913e-02, 7.670034e-02, -3.593087e+00, -3.593087e+00, 0.000000, 2.398849e-01, 1.726939e-01, 
926, 6.726913e-02, 7.670034e-02, -3.593087e+00, -1.300614e+01, 0.000000, 2.398849e-01, 1.726939e-01, 
927, 8.100930e-02, 6.950683e-02, -3.477303e+00, -3.477303e+00, 0.000000, 2.398849e-01, 1.726939e-01, 
928, 8.100930e-02, 6.950683e-02, -3.477303e+00, -3.258716e+01, 0.000000, 2.398849e-01, 1.726939e-01, 
929, 8.249064e-02, 7.521838e-02, -2.036486e+00, -2.036486e+00, 0.000000, 2.398849e-01, 1.726939e-01, 
930, 1.260011e-01, 7.210484e-02, -1.940715e+00, -1.940715e+00, 0.000000, 2.398849e-01, 1.726939e-01, 
931, 1.260011e-01, 7.210484e-02, -1.940715e+00, -7.677359e+00, 0.000000, 2.398849e-01, 1.726939e-01, 
932, 8.533103e-02, 7.202211e-02, -1.779935e+00, -1.779935e+00, 0.000000, 2.398849e-01, 1.726939e-01, 
933, 7.991822e-02, 7.469411e-02, -1.824931e+00, -1.824931e+00, 0.000000, 2.398849e-01, 1.726939e-01, 
934, 7.991822e-02, 7.469411e-02, -1.824931e+00, -8.699824e+01, 0.000000, 2.398849e-01, 1.726939e-01, 
935, 7.991822e-02, 7.469411e-02, -1.824931e+00, -7.772622e+01, 0.000000, 2.398849e-01, 1.726939e-01, 
936, 7.991822e-02, 7.469411e-02, -1.824931e+00, -2.854707e+01, 0.000000, 2.398849e-01, 1.726939e-01, 
937, 7.991822e-02, 7.469411e-02, -1.824931e+00, -2.854707e+01, 0.000000, 2.398849e-01, 1.726939e-01, 
938, 7.991822e-02, 7.469411e-02, -1.824931e+00, -4.743611e+01, 0.000000, 2.398849e-01, 1.726939e-01, 
939, 7.991822e-02, 7.469411e-02, -1.824931e+00, -3.211805e+01, 0.000000, 2.398849e-01, 1.726939e-01, 
940, 1.003204e-01, 6.879042e-02, -3.514091e+00, -3.514091e+00, 0.000000, 2.398849e-01, 1.726939e-01, 
941, 1.003204e-01, 6.879042e-02, -3.514091e+00, -2.185358e+01, 0.000000, 2.398849e-01, 1.726939e-01, 
942, 1.003204e-01, 6.879042e-02, -3.514091e+00, -7.709503e+00, 0.000000, 2.398849e-01, 1.726939e-01, 
943, 1.003204e-01, 6.879042e-02, -3.514091e+00, -6.545530e+01, 0.000000, 2.398849e-01, 1.726939e-01, 
944, 1.003204e-01, 6.879042e-02, -3.514091e+00, -1.254645e+01, 0.000000, 2.398849e-01, 1.726939e-01, 
945, 1.003204e-01, 6.879042e-02, -3.514091e+00, -5.983070e+01, 0.000000, 2.398849e-01, 1.726939e-01, 
946, 8.511478e-02, 7.311708e-02, -1.597790e+00, -1.597790e+00, 0.000000, 2.398849e-01, 1.726939e-01, 
947, 8.511478e-02, 7.311708e-02, -1.597790e+00, -3.511220e+00, 0.000000, 2.398849e-01, 1.726939e-01, 
948, 9.940877e-02, 7.232202e-02, -1.773258e+00, -1.773258e+00, 0.000000, 2.398849e-01, 1.726939e-01, 
949, 9.940877e-02, 7.232202e-02, -1.773258e+00, -2.928969e+00, 0.000000, 2.398849e-01, 1.726939e-01, 
950, 9.940877e-02, 7.232202e-02, -1.773258e+00, -1.185461e+02, 0.000000, 2.398849e-01, 1.726939e-01, 
951, 1.070462e-01, 7.012387e-02, -2.524340e+00, -2.524340e+00, 0.000000, 2.398849e-01, 1.726939e-01, 
951, 1.070462e-01, 7.012387e-02, -2.524340e+00, -2.524340e+00, 1.000000, 3.198465e-01, 2.302585e-01, 
952, 1.070462e-01, 7.012387e-02, -2.524340e+00, -1.872858e+01, 1.000000, 3.198465e-01, 2.302585e-01, 
953, 1.468435e-01, 7.017678e-02, -2.405278e+00, -2.405278e+00, 1.000000, 3.198465e-01, 2.302585e-01, 
954, 1.468435e-01, 7.017678e-02, -2.405278e+00, -3.030912e+01, 1.000000, 3.198465e-01, 2.302585e-01, 
955, 1.468435e-01, 7.017678e-02, -2.405278e+00, -7.998611e+01, 1.000000, 3.198465e-01, 2.302585e-01, 
956, 2.105385e-01, 8.182927e-02, -3.387938e+00, -3.387938e+00, 1.000000, 3.198465e-01, 2.302585e-01, 
957, 2.105385e-01, 8.182927e-02, -3.387938e+00, -6.178795e+00, 1.000000, 3.198465e-01, 2.302585e-01, 
958, 2.105385e-01, 8.182927e-02, -3.387938e+00, -5.040635e+01, 1.000000, 3.198465e-01, 2.302585e-01, 
959, 2.105385e-01, 8.182927e-02, -3.387938e+00, -7.050145e+00, 1.000000, 3.198465e-01, 2.302585e-01, 
960, 2.105385e-01, 8.182927e-02, -3.387938e+00, -2.552470e+01, 1.000000, 3.198465e-01, 2.302585e-01, 
961, 2.105385e-01, 8.182927e-02, -3.387938e+00, -7.904376e+00, 1.000000, 3.198465e-01, 2.302585e-01, 
962, 2.861328e-01, 8.440416e-02, -3.501469e+00, -3.501469e+00, 1.000000, 3.198465e-01, 2.302585e-01, 
963, 2.861328e-01, 8.440416e-02, -3.501469e+00, -1.260878e+01, 1.000000, 3.198465e-01, 2.302585e-01, 
964, 3.474441e-01, 7.974317e-02, -2.960071e+00, -2.960071e+00, 1.000000, 3.198465e-01, 2.302585e-01, 
965, 3.474441e-01, 7.974317e-02, -2.960071e+00, -3.390192e+00, 1.000000, 3.198465e-01, 2.302585e-01, 
966, 3.426093e-01, 8.084115e-02, -3.029314e+00, -3.029314e+00, 1.000000, 3.198465e-01, 2.302585e-01, 
967, 2.201780e-01, 8.299540e-02, -3.610450e+00, -3.610450e+00, 1.000000, 3.198465e-01, 2.302585e-01, 
968, 2.201780e-01, 8.299540e-02, -3.610450e+00, -5.067479e+00, 1.000000, 3.198465e-01, 2.302585e-01, 
969, 2.682676e-01, 6.621049e-02, -3.307149e+00, -3.307149e+00, 1.000000, 3.198465e-01, 2.302585e-01, 
970, 2.682676e-01, 6.621049e-02, -3.307149e+00, -3.738866e+00, 1.000000, 3.198465e-01, 2.302585e-01, 
971, 2.085886e-01, 8.244951e-02, -3.570121e+00, -3.570121e+00, 1.000000, 3.198465e-01, 2.302585e-01, 
972, 1.802641e-01, 7.027545e-02, -2.434897e+00, -2.434897e+00, 1.000000, 3.198465e-01, 2.302585e-01, 
973, 1.802641e-01, 7.027545e-02, -2.434897e+00, -3.984655e+00, 1.000000, 3.198465e-01, 2.302585e-01, 
974, 1.802641e-01, 7.027545e-02, -2.434897e+00, -3.323885e+00, 1.000000, 3.198465e-01, 2.302585e-01, 
975, 1.802641e-01, 7.027545e-02, -2.434897e+00, -3.617493e+01, 1.000000, 3.198465e-01, 2.302585e-01, 
976, 1.802641e-01, 7.027545e-02, -2.434897e+00, -6.108147e+01, 1.000000, 3.198465e-01, 2.302585e-01, 
977, 1.802641e-01, 7.027545e-02, -2.434897e+00, -3.921564e+01, 1.000000, 3.198465e-01, 2.302585e-01, 
978, 1.802641e-01, 7.027545e-02, -2.434897e+00, -5.149560e+00, 1.000000, 3.198465e-01, 2.302585e-01, 
979, 1.802641e-01, 7.027545e-02, -2.434897e+00, -2.068676e+01, 1.000000, 3.198465e-01, 2.302585e-01, 
980, 1.802641e-01, 7.027545e-02, -2.434897e+00, -5.492029e+00, 1.000000, 3.198465e-01, 2.302585e-01, 
981, 1.802641e-01, 7.027545e-02, -2.434897e+00, -7.178601e+00, 1.000000, 3.198465e-01, 2.302585e-01, 
982, 1.991530e-01, 6.800953e-02, -2.958437e+00, -2.958437e+00, 1.000000, 3.198465e-01, 2.302585e-01, 
983, 1.902176e-01, 7.036598e-02, -2.444634e+00, -2.444634e+00, 1.000000, 3.198465e-01, 2.302585e-01, 
984, 1.902176e-01, 7.036598e-02, -2.444634e+00, -4.944455e+00, 1.000000, 3.198465e-01, 2.302585e-01, 
985, 1.710666e-01, 7.194566e-02, -2.170638e+00, -2.170638e+00, 1.000000, 3.198465e-01, 2.302585e-01, 
986, 1.710666e-01, 7.194566e-02, -2.170638e+00, -1.124456e+01, 1.000000, 3.198465e-01, 2.302585e-01, 
987, 2.298034e-01, 6.569639e-02, -3.531400e+00, -3.531400e+00, 1.000000, 3.198465e-01, 2.302585e-01, 
988, 2.055310e-01, 7.396121e-02, -2.261751e+00, -2.261751e+00, 1.000000, 3.198465e-01, 2.302585e-01, 
989, 1.787230e-01, 7.409132e-02, -2.142391e+00, -2.142391e+00, 1.000000, 3.198465e-01, 2.302585e-01, 
990, 1.787230e-01, 7.409132e-02, -2.142391e+00, -3.657271e+00, 1.000000, 3.198465e-01, 2.302585e-01, 
991, 1.787230e-01, 7.409132e-02, -2.142391e+00, -4.306841e+00, 1.000000, 3.198465e-01, 2.302585e-01, 
992, 1.787230e-01, 7.409132e-02, -2.142391e+00, -2.745514e+01, 1.000000, 3.198465e-01, 2.302585e-01, 
993, 1.787230e-01, 7.409132e-02, -2.142391e+00, -2.362712e+00, 1.000000, 3.198465e-01, 2.302585e-01, 
994, 1.787230e-01, 7.409132e-02, -2.142391e+00, -1.800514e+01, 1.000000, 3.198465e-01, 2.302585e-01, 
995, 1.787230e-01, 7.409132e-02, -2.142391e+00, -9.799205e+00, 1.000000, 3.198465e-01, 2.302585e-01, 
996, 1.787230e-01, 7.409132e-02, -2.142391e+00, -9.740939e+00, 1.000000, 3.198465e-01, 2.302585e-01, 
997, 1.787230e-01, 7.409132e-02, -2.142391e+00, -3.006459e+01, 1.000000, 3.198465e-01, 2.302585e-01, 
998, 1.837083e-01, 7.303919e-02, -2.166424e+00, -2.166424e+00, 1.000000, 3.198465e-01, 2.302585e-01, 
999, 1.837083e-01, 7.303919e-02, -2.166424e+00, -3.859168e+00, 1.000000, 3.198465e-01, 2.302585e-01, 
